[{"name":"abstract val elementName: String","description":"com.rickbusarow.kgx.internal.ElementInfoAction.RegisteredElement.elementName","location":"kotlin-gradle-extensions/com.rickbusarow.kgx.internal/-element-info-action/-registered-element/element-name.html","searchKeys":["elementName","abstract val elementName: String","com.rickbusarow.kgx.internal.ElementInfoAction.RegisteredElement.elementName"]},{"name":"abstract val elementType: Class<out T>","description":"com.rickbusarow.kgx.internal.ElementInfoAction.RegisteredElement.elementType","location":"kotlin-gradle-extensions/com.rickbusarow.kgx.internal/-element-info-action/-registered-element/element-type.html","searchKeys":["elementType","abstract val elementType: Class<out T>","com.rickbusarow.kgx.internal.ElementInfoAction.RegisteredElement.elementType"]},{"name":"abstract val elementValue: ElementInfoAction.ElementValue<T>","description":"com.rickbusarow.kgx.internal.ElementInfoAction.RegisteredElement.elementValue","location":"kotlin-gradle-extensions/com.rickbusarow.kgx.internal/-element-info-action/-registered-element/element-value.html","searchKeys":["elementValue","abstract val elementValue: ElementInfoAction.ElementValue<T>","com.rickbusarow.kgx.internal.ElementInfoAction.RegisteredElement.elementValue"]},{"name":"abstract val value: Any?","description":"com.rickbusarow.kgx.internal.ElementInfoAction.ElementValue.value","location":"kotlin-gradle-extensions/com.rickbusarow.kgx.internal/-element-info-action/-element-value/value.html","searchKeys":["value","abstract val value: Any?","com.rickbusarow.kgx.internal.ElementInfoAction.ElementValue.value"]},{"name":"annotation class EagerGradleApi","description":"com.rickbusarow.kgx.EagerGradleApi","location":"kotlin-gradle-extensions/com.rickbusarow.kgx/-eager-gradle-api/index.html","searchKeys":["EagerGradleApi","annotation class EagerGradleApi","com.rickbusarow.kgx.EagerGradleApi"]},{"name":"annotation class InternalGradleApiAccess","description":"com.rickbusarow.kgx.internal.InternalGradleApiAccess","location":"kotlin-gradle-extensions/com.rickbusarow.kgx.internal/-internal-gradle-api-access/index.html","searchKeys":["InternalGradleApiAccess","annotation class InternalGradleApiAccess","com.rickbusarow.kgx.internal.InternalGradleApiAccess"]},{"name":"class Instance<T>(val value: T) : ElementInfoAction.ElementValue<T> ","description":"com.rickbusarow.kgx.internal.ElementInfoAction.ElementValue.Instance","location":"kotlin-gradle-extensions/com.rickbusarow.kgx.internal/-element-info-action/-element-value/-instance/index.html","searchKeys":["Instance","class Instance<T>(val value: T) : ElementInfoAction.ElementValue<T> ","com.rickbusarow.kgx.internal.ElementInfoAction.ElementValue.Instance"]},{"name":"class ObjectBackedRegisteredElement<T : Any>(val elementName: String, val elementValue: ElementInfoAction.ElementValue.Instance<T>) : ElementInfoAction.RegisteredElement<T> ","description":"com.rickbusarow.kgx.internal.ElementInfoAction.RegisteredElement.ObjectBackedRegisteredElement","location":"kotlin-gradle-extensions/com.rickbusarow.kgx.internal/-element-info-action/-registered-element/-object-backed-registered-element/index.html","searchKeys":["ObjectBackedRegisteredElement","class ObjectBackedRegisteredElement<T : Any>(val elementName: String, val elementValue: ElementInfoAction.ElementValue.Instance<T>) : ElementInfoAction.RegisteredElement<T> ","com.rickbusarow.kgx.internal.ElementInfoAction.RegisteredElement.ObjectBackedRegisteredElement"]},{"name":"class ProviderBackedRegisteredElement<T : Any>(val elementName: String, val elementType: Class<out T>, val elementValue: ElementInfoAction.ElementValue.ProviderInstance<T>) : ElementInfoAction.RegisteredElement<T> ","description":"com.rickbusarow.kgx.internal.ElementInfoAction.RegisteredElement.ProviderBackedRegisteredElement","location":"kotlin-gradle-extensions/com.rickbusarow.kgx.internal/-element-info-action/-registered-element/-provider-backed-registered-element/index.html","searchKeys":["ProviderBackedRegisteredElement","class ProviderBackedRegisteredElement<T : Any>(val elementName: String, val elementType: Class<out T>, val elementValue: ElementInfoAction.ElementValue.ProviderInstance<T>) : ElementInfoAction.RegisteredElement<T> ","com.rickbusarow.kgx.internal.ElementInfoAction.RegisteredElement.ProviderBackedRegisteredElement"]},{"name":"constructor(elementName: String, elementType: Class<out T>, elementValue: ElementInfoAction.ElementValue.ProviderInstance<T>)","description":"com.rickbusarow.kgx.internal.ElementInfoAction.RegisteredElement.ProviderBackedRegisteredElement.ProviderBackedRegisteredElement","location":"kotlin-gradle-extensions/com.rickbusarow.kgx.internal/-element-info-action/-registered-element/-provider-backed-registered-element/-provider-backed-registered-element.html","searchKeys":["ProviderBackedRegisteredElement","constructor(elementName: String, elementType: Class<out T>, elementValue: ElementInfoAction.ElementValue.ProviderInstance<T>)","com.rickbusarow.kgx.internal.ElementInfoAction.RegisteredElement.ProviderBackedRegisteredElement.ProviderBackedRegisteredElement"]},{"name":"constructor(elementName: String, elementValue: ElementInfoAction.ElementValue.Instance<T>)","description":"com.rickbusarow.kgx.internal.ElementInfoAction.RegisteredElement.ObjectBackedRegisteredElement.ObjectBackedRegisteredElement","location":"kotlin-gradle-extensions/com.rickbusarow.kgx.internal/-element-info-action/-registered-element/-object-backed-registered-element/-object-backed-registered-element.html","searchKeys":["ObjectBackedRegisteredElement","constructor(elementName: String, elementValue: ElementInfoAction.ElementValue.Instance<T>)","com.rickbusarow.kgx.internal.ElementInfoAction.RegisteredElement.ObjectBackedRegisteredElement.ObjectBackedRegisteredElement"]},{"name":"constructor(value: NamedDomainObjectProvider<T>)","description":"com.rickbusarow.kgx.internal.ElementInfoAction.ElementValue.ProviderInstance.ProviderInstance","location":"kotlin-gradle-extensions/com.rickbusarow.kgx.internal/-element-info-action/-element-value/-provider-instance/-provider-instance.html","searchKeys":["ProviderInstance","constructor(value: NamedDomainObjectProvider<T>)","com.rickbusarow.kgx.internal.ElementInfoAction.ElementValue.ProviderInstance.ProviderInstance"]},{"name":"constructor(value: T)","description":"com.rickbusarow.kgx.internal.ElementInfoAction.ElementValue.Instance.Instance","location":"kotlin-gradle-extensions/com.rickbusarow.kgx.internal/-element-info-action/-element-value/-instance/-instance.html","searchKeys":["Instance","constructor(value: T)","com.rickbusarow.kgx.internal.ElementInfoAction.ElementValue.Instance.Instance"]},{"name":"fun <T : Any> NamedDomainObjectCollection<T>.hasRealized(elementName: String): Boolean","description":"com.rickbusarow.kgx.internal.hasRealized","location":"kotlin-gradle-extensions/com.rickbusarow.kgx.internal/has-realized.html","searchKeys":["hasRealized","fun <T : Any> NamedDomainObjectCollection<T>.hasRealized(elementName: String): Boolean","com.rickbusarow.kgx.internal.hasRealized"]},{"name":"fun <T : Any> NamedDomainObjectProvider<T>.isRealized(): Boolean","description":"com.rickbusarow.kgx.internal.isRealized","location":"kotlin-gradle-extensions/com.rickbusarow.kgx.internal/is-realized.html","searchKeys":["isRealized","fun <T : Any> NamedDomainObjectProvider<T>.isRealized(): Boolean","com.rickbusarow.kgx.internal.isRealized"]},{"name":"fun <T : Task> TaskCollection<T>.dependOn(vararg objects: Any): TaskCollection<T>","description":"com.rickbusarow.kgx.dependOn","location":"kotlin-gradle-extensions/com.rickbusarow.kgx/depend-on.html","searchKeys":["dependOn","fun <T : Task> TaskCollection<T>.dependOn(vararg objects: Any): TaskCollection<T>","com.rickbusarow.kgx.dependOn"]},{"name":"fun <T : Task> TaskCollection<T>.mustRunAfter(vararg objects: Any): TaskCollection<T>","description":"com.rickbusarow.kgx.mustRunAfter","location":"kotlin-gradle-extensions/com.rickbusarow.kgx/must-run-after.html","searchKeys":["mustRunAfter","fun <T : Task> TaskCollection<T>.mustRunAfter(vararg objects: Any): TaskCollection<T>","com.rickbusarow.kgx.mustRunAfter"]},{"name":"fun <T : Task> TaskContainer.registerOnce(name: String, type: Class<T>, configurationAction: Action<in T>): TaskProvider<T>","description":"com.rickbusarow.kgx.registerOnce","location":"kotlin-gradle-extensions/com.rickbusarow.kgx/register-once.html","searchKeys":["registerOnce","fun <T : Task> TaskContainer.registerOnce(name: String, type: Class<T>, configurationAction: Action<in T>): TaskProvider<T>","com.rickbusarow.kgx.registerOnce"]},{"name":"fun <T : Task> TaskProvider<T>.addAsDependencyTo(dependentTask: TaskProvider<*>): TaskProvider<T>","description":"com.rickbusarow.kgx.addAsDependencyTo","location":"kotlin-gradle-extensions/com.rickbusarow.kgx/add-as-dependency-to.html","searchKeys":["addAsDependencyTo","fun <T : Task> TaskProvider<T>.addAsDependencyTo(dependentTask: TaskProvider<*>): TaskProvider<T>","com.rickbusarow.kgx.addAsDependencyTo"]},{"name":"fun <T : Task> TaskProvider<T>.addAsDependencyTo(dependentTasks: TaskCollection<*>): TaskProvider<T>","description":"com.rickbusarow.kgx.addAsDependencyTo","location":"kotlin-gradle-extensions/com.rickbusarow.kgx/add-as-dependency-to.html","searchKeys":["addAsDependencyTo","fun <T : Task> TaskProvider<T>.addAsDependencyTo(dependentTasks: TaskCollection<*>): TaskProvider<T>","com.rickbusarow.kgx.addAsDependencyTo"]},{"name":"fun <T : Task> TaskProvider<T>.dependsOn(vararg objects: Any): TaskProvider<T>","description":"com.rickbusarow.kgx.dependsOn","location":"kotlin-gradle-extensions/com.rickbusarow.kgx/depends-on.html","searchKeys":["dependsOn","fun <T : Task> TaskProvider<T>.dependsOn(vararg objects: Any): TaskProvider<T>","com.rickbusarow.kgx.dependsOn"]},{"name":"fun <T : Task> TaskProvider<T>.mustRunAfter(vararg objects: Any): TaskProvider<T>","description":"com.rickbusarow.kgx.mustRunAfter","location":"kotlin-gradle-extensions/com.rickbusarow.kgx/must-run-after.html","searchKeys":["mustRunAfter","fun <T : Task> TaskProvider<T>.mustRunAfter(vararg objects: Any): TaskProvider<T>","com.rickbusarow.kgx.mustRunAfter"]},{"name":"fun <T> NamedDomainObjectContainer<T>.registerOnce(name: String, configurationAction: Action<in T> = Actions.doNothing()): NamedDomainObjectProvider<T>","description":"com.rickbusarow.kgx.registerOnce","location":"kotlin-gradle-extensions/com.rickbusarow.kgx/register-once.html","searchKeys":["registerOnce","fun <T> NamedDomainObjectContainer<T>.registerOnce(name: String, configurationAction: Action<in T> = Actions.doNothing()): NamedDomainObjectProvider<T>","com.rickbusarow.kgx.registerOnce"]},{"name":"fun ConfigurationContainer.api(configurationAction: Action<Configuration>): NamedDomainObjectProvider<Configuration>?","description":"com.rickbusarow.kgx.api","location":"kotlin-gradle-extensions/com.rickbusarow.kgx/api.html","searchKeys":["api","fun ConfigurationContainer.api(configurationAction: Action<Configuration>): NamedDomainObjectProvider<Configuration>?","com.rickbusarow.kgx.api"]},{"name":"fun ConfigurationContainer.compileOnly(configurationAction: Action<Configuration>): NamedDomainObjectProvider<Configuration>?","description":"com.rickbusarow.kgx.compileOnly","location":"kotlin-gradle-extensions/com.rickbusarow.kgx/compile-only.html","searchKeys":["compileOnly","fun ConfigurationContainer.compileOnly(configurationAction: Action<Configuration>): NamedDomainObjectProvider<Configuration>?","com.rickbusarow.kgx.compileOnly"]},{"name":"fun ConfigurationContainer.implementation(configurationAction: Action<Configuration>): NamedDomainObjectProvider<Configuration>?","description":"com.rickbusarow.kgx.implementation","location":"kotlin-gradle-extensions/com.rickbusarow.kgx/implementation.html","searchKeys":["implementation","fun ConfigurationContainer.implementation(configurationAction: Action<Configuration>): NamedDomainObjectProvider<Configuration>?","com.rickbusarow.kgx.implementation"]},{"name":"fun ConfigurationContainer.kapt(configurationAction: Action<Configuration>): NamedDomainObjectProvider<Configuration>?","description":"com.rickbusarow.kgx.kapt","location":"kotlin-gradle-extensions/com.rickbusarow.kgx/kapt.html","searchKeys":["kapt","fun ConfigurationContainer.kapt(configurationAction: Action<Configuration>): NamedDomainObjectProvider<Configuration>?","com.rickbusarow.kgx.kapt"]},{"name":"fun ConfigurationContainer.runtimeOnly(configurationAction: Action<Configuration>): NamedDomainObjectProvider<Configuration>?","description":"com.rickbusarow.kgx.runtimeOnly","location":"kotlin-gradle-extensions/com.rickbusarow.kgx/runtime-only.html","searchKeys":["runtimeOnly","fun ConfigurationContainer.runtimeOnly(configurationAction: Action<Configuration>): NamedDomainObjectProvider<Configuration>?","com.rickbusarow.kgx.runtimeOnly"]},{"name":"fun DependencyHandler.project(path: String, configuration: String? = null): ProjectDependency","description":"com.rickbusarow.kgx.project","location":"kotlin-gradle-extensions/com.rickbusarow.kgx/project.html","searchKeys":["project","fun DependencyHandler.project(path: String, configuration: String? = null): ProjectDependency","com.rickbusarow.kgx.project"]},{"name":"fun ExtraPropertiesExtension.getOrNull(name: String): Any?","description":"com.rickbusarow.kgx.getOrNull","location":"kotlin-gradle-extensions/com.rickbusarow.kgx/get-or-null.html","searchKeys":["getOrNull","fun ExtraPropertiesExtension.getOrNull(name: String): Any?","com.rickbusarow.kgx.getOrNull"]},{"name":"fun File.existsOrNull(): File?","description":"com.rickbusarow.kgx.existsOrNull","location":"kotlin-gradle-extensions/com.rickbusarow.kgx/exists-or-null.html","searchKeys":["existsOrNull","fun File.existsOrNull(): File?","com.rickbusarow.kgx.existsOrNull"]},{"name":"fun File.hasGradleProjectFiles(): Boolean","description":"com.rickbusarow.kgx.hasGradleProjectFiles","location":"kotlin-gradle-extensions/com.rickbusarow.kgx/has-gradle-project-files.html","searchKeys":["hasGradleProjectFiles","fun File.hasGradleProjectFiles(): Boolean","com.rickbusarow.kgx.hasGradleProjectFiles"]},{"name":"fun File.isDirectoryWithFiles(childPredicate: (File) -> Boolean = { it.exists() }): Boolean","description":"com.rickbusarow.kgx.isDirectoryWithFiles","location":"kotlin-gradle-extensions/com.rickbusarow.kgx/is-directory-with-files.html","searchKeys":["isDirectoryWithFiles","fun File.isDirectoryWithFiles(childPredicate: (File) -> Boolean = { it.exists() }): Boolean","com.rickbusarow.kgx.isDirectoryWithFiles"]},{"name":"fun File.isOrphanedBuildOrGradleDir(): Boolean","description":"com.rickbusarow.kgx.isOrphanedBuildOrGradleDir","location":"kotlin-gradle-extensions/com.rickbusarow.kgx/is-orphaned-build-or-gradle-dir.html","searchKeys":["isOrphanedBuildOrGradleDir","fun File.isOrphanedBuildOrGradleDir(): Boolean","com.rickbusarow.kgx.isOrphanedBuildOrGradleDir"]},{"name":"fun File.isOrphanedGradleProperties(): Boolean","description":"com.rickbusarow.kgx.isOrphanedGradleProperties","location":"kotlin-gradle-extensions/com.rickbusarow.kgx/is-orphaned-gradle-properties.html","searchKeys":["isOrphanedGradleProperties","fun File.isOrphanedGradleProperties(): Boolean","com.rickbusarow.kgx.isOrphanedGradleProperties"]},{"name":"fun File.resolveInParent(relativePath: String): File","description":"com.rickbusarow.kgx.resolveInParent","location":"kotlin-gradle-extensions/com.rickbusarow.kgx/resolve-in-parent.html","searchKeys":["resolveInParent","fun File.resolveInParent(relativePath: String): File","com.rickbusarow.kgx.resolveInParent"]},{"name":"fun File.resolveInParentOrNull(relativePath: String): File?","description":"com.rickbusarow.kgx.resolveInParentOrNull","location":"kotlin-gradle-extensions/com.rickbusarow.kgx/resolve-in-parent-or-null.html","searchKeys":["resolveInParentOrNull","fun File.resolveInParentOrNull(relativePath: String): File?","com.rickbusarow.kgx.resolveInParentOrNull"]},{"name":"fun Gradle.allIncludedProjects(): List<ProjectInternal>","description":"com.rickbusarow.kgx.internal.allIncludedProjects","location":"kotlin-gradle-extensions/com.rickbusarow.kgx.internal/all-included-projects.html","searchKeys":["allIncludedProjects","fun Gradle.allIncludedProjects(): List<ProjectInternal>","com.rickbusarow.kgx.internal.allIncludedProjects"]},{"name":"fun Gradle.includedAllProjectsTasks(taskName: String): List<TaskCollection<Task>>","description":"com.rickbusarow.kgx.includedAllProjectsTasks","location":"kotlin-gradle-extensions/com.rickbusarow.kgx/included-all-projects-tasks.html","searchKeys":["includedAllProjectsTasks","fun Gradle.includedAllProjectsTasks(taskName: String): List<TaskCollection<Task>>","com.rickbusarow.kgx.includedAllProjectsTasks"]},{"name":"fun Gradle.includedRootProjectsTasks(taskName: String): List<TaskCollection<Task>>","description":"com.rickbusarow.kgx.internal.includedRootProjectsTasks","location":"kotlin-gradle-extensions/com.rickbusarow.kgx.internal/included-root-projects-tasks.html","searchKeys":["includedRootProjectsTasks","fun Gradle.includedRootProjectsTasks(taskName: String): List<TaskCollection<Task>>","com.rickbusarow.kgx.internal.includedRootProjectsTasks"]},{"name":"fun Gradle.parents(): Sequence<Gradle>","description":"com.rickbusarow.kgx.parents","location":"kotlin-gradle-extensions/com.rickbusarow.kgx/parents.html","searchKeys":["parents","fun Gradle.parents(): Sequence<Gradle>","com.rickbusarow.kgx.parents"]},{"name":"fun Gradle.parentsWithSelf(): Sequence<Gradle>","description":"com.rickbusarow.kgx.parentsWithSelf","location":"kotlin-gradle-extensions/com.rickbusarow.kgx/parents-with-self.html","searchKeys":["parentsWithSelf","fun Gradle.parentsWithSelf(): Sequence<Gradle>","com.rickbusarow.kgx.parentsWithSelf"]},{"name":"fun IncludedBuild.allProjects(): Set<ProjectInternal>","description":"com.rickbusarow.kgx.internal.allProjects","location":"kotlin-gradle-extensions/com.rickbusarow.kgx.internal/all-projects.html","searchKeys":["allProjects","fun IncludedBuild.allProjects(): Set<ProjectInternal>","com.rickbusarow.kgx.internal.allProjects"]},{"name":"fun IncludedBuild.requireProjectRegistry(): ProjectRegistry<ProjectInternal>","description":"com.rickbusarow.kgx.internal.requireProjectRegistry","location":"kotlin-gradle-extensions/com.rickbusarow.kgx.internal/require-project-registry.html","searchKeys":["requireProjectRegistry","fun IncludedBuild.requireProjectRegistry(): ProjectRegistry<ProjectInternal>","com.rickbusarow.kgx.internal.requireProjectRegistry"]},{"name":"fun IncludedBuild.rootProject(): ProjectInternal","description":"com.rickbusarow.kgx.internal.rootProject","location":"kotlin-gradle-extensions/com.rickbusarow.kgx.internal/root-project.html","searchKeys":["rootProject","fun IncludedBuild.rootProject(): ProjectInternal","com.rickbusarow.kgx.internal.rootProject"]},{"name":"fun KotlinMultiplatformExtension.onTargetRegistered(configurationAction: ElementInfoAction<KotlinTarget>)","description":"com.rickbusarow.kgx.onTargetRegistered","location":"kotlin-gradle-extensions/com.rickbusarow.kgx/on-target-registered.html","searchKeys":["onTargetRegistered","fun KotlinMultiplatformExtension.onTargetRegistered(configurationAction: ElementInfoAction<KotlinTarget>)","com.rickbusarow.kgx.onTargetRegistered"]},{"name":"fun KotlinProjectExtension.onTargetRegistered(configurationAction: ElementInfoAction<KotlinTarget>)","description":"com.rickbusarow.kgx.onTargetRegistered","location":"kotlin-gradle-extensions/com.rickbusarow.kgx/on-target-registered.html","searchKeys":["onTargetRegistered","fun KotlinProjectExtension.onTargetRegistered(configurationAction: ElementInfoAction<KotlinTarget>)","com.rickbusarow.kgx.onTargetRegistered"]},{"name":"fun ObjectFactory.fileTree(baseDir: Any): ConfigurableFileTree","description":"com.rickbusarow.kgx.fileTree","location":"kotlin-gradle-extensions/com.rickbusarow.kgx/file-tree.html","searchKeys":["fileTree","fun ObjectFactory.fileTree(baseDir: Any): ConfigurableFileTree","com.rickbusarow.kgx.fileTree"]},{"name":"fun ObjectFactory.fileTree(baseDir: Any, configureAction: Action<in ConfigurableFileTree>): ConfigurableFileTree","description":"com.rickbusarow.kgx.fileTree","location":"kotlin-gradle-extensions/com.rickbusarow.kgx/file-tree.html","searchKeys":["fileTree","fun ObjectFactory.fileTree(baseDir: Any, configureAction: Action<in ConfigurableFileTree>): ConfigurableFileTree","com.rickbusarow.kgx.fileTree"]},{"name":"fun PluginContainer.applyOnce(id: String)","description":"com.rickbusarow.kgx.applyOnce","location":"kotlin-gradle-extensions/com.rickbusarow.kgx/apply-once.html","searchKeys":["applyOnce","fun PluginContainer.applyOnce(id: String)","com.rickbusarow.kgx.applyOnce"]},{"name":"fun Project.allProjectsTasksMatchingName(taskName: String): List<TaskCollection<Task>>","description":"com.rickbusarow.kgx.allProjectsTasksMatchingName","location":"kotlin-gradle-extensions/com.rickbusarow.kgx/all-projects-tasks-matching-name.html","searchKeys":["allProjectsTasksMatchingName","fun Project.allProjectsTasksMatchingName(taskName: String): List<TaskCollection<Task>>","com.rickbusarow.kgx.allProjectsTasksMatchingName"]},{"name":"fun Project.buildDir(): File","description":"com.rickbusarow.kgx.buildDir","location":"kotlin-gradle-extensions/com.rickbusarow.kgx/build-dir.html","searchKeys":["buildDir","fun Project.buildDir(): File","com.rickbusarow.kgx.buildDir"]},{"name":"fun Project.checkProjectIsRoot(message: () -> Any = { \"Only apply this plugin to the project root.\" })","description":"com.rickbusarow.kgx.checkProjectIsRoot","location":"kotlin-gradle-extensions/com.rickbusarow.kgx/check-project-is-root.html","searchKeys":["checkProjectIsRoot","fun Project.checkProjectIsRoot(message: () -> Any = { \"Only apply this plugin to the project root.\" })","com.rickbusarow.kgx.checkProjectIsRoot"]},{"name":"fun Project.isRealRootProject(): Boolean","description":"com.rickbusarow.kgx.isRealRootProject","location":"kotlin-gradle-extensions/com.rickbusarow.kgx/is-real-root-project.html","searchKeys":["isRealRootProject","fun Project.isRealRootProject(): Boolean","com.rickbusarow.kgx.isRealRootProject"]},{"name":"fun Project.isRootProject(): Boolean","description":"com.rickbusarow.kgx.isRootProject","location":"kotlin-gradle-extensions/com.rickbusarow.kgx/is-root-project.html","searchKeys":["isRootProject","fun Project.isRootProject(): Boolean","com.rickbusarow.kgx.isRootProject"]},{"name":"fun Project.projectDependency(path: String, configuration: String? = null): ProjectDependency","description":"com.rickbusarow.kgx.projectDependency","location":"kotlin-gradle-extensions/com.rickbusarow.kgx/project-dependency.html","searchKeys":["projectDependency","fun Project.projectDependency(path: String, configuration: String? = null): ProjectDependency","com.rickbusarow.kgx.projectDependency"]},{"name":"fun Project.subProjectsTasksMatchingName(taskName: String): List<TaskCollection<Task>>","description":"com.rickbusarow.kgx.subProjectsTasksMatchingName","location":"kotlin-gradle-extensions/com.rickbusarow.kgx/sub-projects-tasks-matching-name.html","searchKeys":["subProjectsTasksMatchingName","fun Project.subProjectsTasksMatchingName(taskName: String): List<TaskCollection<Task>>","com.rickbusarow.kgx.subProjectsTasksMatchingName"]},{"name":"fun Task.undecoratedTypeName(): String","description":"com.rickbusarow.kgx.undecoratedTypeName","location":"kotlin-gradle-extensions/com.rickbusarow.kgx/undecorated-type-name.html","searchKeys":["undecoratedTypeName","fun Task.undecoratedTypeName(): String","com.rickbusarow.kgx.undecoratedTypeName"]},{"name":"fun TaskContainer.matchingName(taskName: String): TaskCollection<Task>","description":"com.rickbusarow.kgx.matchingName","location":"kotlin-gradle-extensions/com.rickbusarow.kgx/matching-name.html","searchKeys":["matchingName","fun TaskContainer.matchingName(taskName: String): TaskCollection<Task>","com.rickbusarow.kgx.matchingName"]},{"name":"fun TaskContainer.matchingNames(vararg taskNames: String): TaskCollection<Task>","description":"com.rickbusarow.kgx.matchingNames","location":"kotlin-gradle-extensions/com.rickbusarow.kgx/matching-names.html","searchKeys":["matchingNames","fun TaskContainer.matchingNames(vararg taskNames: String): TaskCollection<Task>","com.rickbusarow.kgx.matchingNames"]},{"name":"fun TaskContainer.maybeNamed(taskName: String, configurationAction: Action<Task>)","description":"com.rickbusarow.kgx.maybeNamed","location":"kotlin-gradle-extensions/com.rickbusarow.kgx/maybe-named.html","searchKeys":["maybeNamed","fun TaskContainer.maybeNamed(taskName: String, configurationAction: Action<Task>)","com.rickbusarow.kgx.maybeNamed"]},{"name":"fun VersionCatalog.dependency(alias: String): Provider<MinimalExternalModuleDependency>","description":"com.rickbusarow.kgx.dependency","location":"kotlin-gradle-extensions/com.rickbusarow.kgx/dependency.html","searchKeys":["dependency","fun VersionCatalog.dependency(alias: String): Provider<MinimalExternalModuleDependency>","com.rickbusarow.kgx.dependency"]},{"name":"fun VersionCatalog.pluginId(alias: String): String","description":"com.rickbusarow.kgx.pluginId","location":"kotlin-gradle-extensions/com.rickbusarow.kgx/plugin-id.html","searchKeys":["pluginId","fun VersionCatalog.pluginId(alias: String): String","com.rickbusarow.kgx.pluginId"]},{"name":"fun VersionCatalog.version(alias: String): String","description":"com.rickbusarow.kgx.version","location":"kotlin-gradle-extensions/com.rickbusarow.kgx/version.html","searchKeys":["version","fun VersionCatalog.version(alias: String): String","com.rickbusarow.kgx.version"]},{"name":"fun inCI(): Boolean","description":"com.rickbusarow.kgx.inCI","location":"kotlin-gradle-extensions/com.rickbusarow.kgx/in-c-i.html","searchKeys":["inCI","fun inCI(): Boolean","com.rickbusarow.kgx.inCI"]},{"name":"fun interface ElementInfoAction<T : Any> : Action<ElementInfoAction.RegisteredElement<T>> ","description":"com.rickbusarow.kgx.internal.ElementInfoAction","location":"kotlin-gradle-extensions/com.rickbusarow.kgx.internal/-element-info-action/index.html","searchKeys":["ElementInfoAction","fun interface ElementInfoAction<T : Any> : Action<ElementInfoAction.RegisteredElement<T>> ","com.rickbusarow.kgx.internal.ElementInfoAction"]},{"name":"inline fun <S : Any> DomainObjectCollection<in S>.withType(): DomainObjectCollection<S>","description":"com.rickbusarow.kgx.withType","location":"kotlin-gradle-extensions/com.rickbusarow.kgx/with-type.html","searchKeys":["withType","inline fun <S : Any> DomainObjectCollection<in S>.withType(): DomainObjectCollection<S>","com.rickbusarow.kgx.withType"]},{"name":"inline fun <S : Any> DomainObjectCollection<in S>.withType(noinline configuration: (S) -> Unit): DomainObjectCollection<S>?","description":"com.rickbusarow.kgx.withType","location":"kotlin-gradle-extensions/com.rickbusarow.kgx/with-type.html","searchKeys":["withType","inline fun <S : Any> DomainObjectCollection<in S>.withType(noinline configuration: (S) -> Unit): DomainObjectCollection<S>?","com.rickbusarow.kgx.withType"]},{"name":"inline fun <S : Any> NamedDomainObjectCollection<S>.findByName(name: DomainObjectName<S>): S?","description":"com.rickbusarow.kgx.findByName","location":"kotlin-gradle-extensions/com.rickbusarow.kgx/find-by-name.html","searchKeys":["findByName","inline fun <S : Any> NamedDomainObjectCollection<S>.findByName(name: DomainObjectName<S>): S?","com.rickbusarow.kgx.findByName"]},{"name":"inline fun <S : Any> NamedDomainObjectCollection<S>.getByName(name: DomainObjectName<S>): S","description":"com.rickbusarow.kgx.getByName","location":"kotlin-gradle-extensions/com.rickbusarow.kgx/get-by-name.html","searchKeys":["getByName","inline fun <S : Any> NamedDomainObjectCollection<S>.getByName(name: DomainObjectName<S>): S","com.rickbusarow.kgx.getByName"]},{"name":"inline fun <S : Any> NamedDomainObjectCollection<S>.getByName(name: DomainObjectName<S>, configurationAction: Action<in S>): S","description":"com.rickbusarow.kgx.getByName","location":"kotlin-gradle-extensions/com.rickbusarow.kgx/get-by-name.html","searchKeys":["getByName","inline fun <S : Any> NamedDomainObjectCollection<S>.getByName(name: DomainObjectName<S>, configurationAction: Action<in S>): S","com.rickbusarow.kgx.getByName"]},{"name":"inline fun <S : Any> NamedDomainObjectCollection<S>.named(name: DomainObjectName<S>, configurationAction: Action<in S> = Actions.doNothing()): NamedDomainObjectProvider<S>","description":"com.rickbusarow.kgx.named","location":"kotlin-gradle-extensions/com.rickbusarow.kgx/named.html","searchKeys":["named","inline fun <S : Any> NamedDomainObjectCollection<S>.named(name: DomainObjectName<S>, configurationAction: Action<in S> = Actions.doNothing()): NamedDomainObjectProvider<S>","com.rickbusarow.kgx.named"]},{"name":"inline fun <S : Any> NamedDomainObjectCollection<S>.named(name: DomainObjectName<S>, type: Class<S>, configurationAction: Action<in S> = Actions.doNothing()): NamedDomainObjectProvider<S>","description":"com.rickbusarow.kgx.named","location":"kotlin-gradle-extensions/com.rickbusarow.kgx/named.html","searchKeys":["named","inline fun <S : Any> NamedDomainObjectCollection<S>.named(name: DomainObjectName<S>, type: Class<S>, configurationAction: Action<in S> = Actions.doNothing()): NamedDomainObjectProvider<S>","com.rickbusarow.kgx.named"]},{"name":"inline fun <S : Any> NamedDomainObjectContainer<S>.register(name: DomainObjectName<S>, configurationAction: Action<in S> = Actions.doNothing()): NamedDomainObjectProvider<S>","description":"com.rickbusarow.kgx.register","location":"kotlin-gradle-extensions/com.rickbusarow.kgx/register.html","searchKeys":["register","inline fun <S : Any> NamedDomainObjectContainer<S>.register(name: DomainObjectName<S>, configurationAction: Action<in S> = Actions.doNothing()): NamedDomainObjectProvider<S>","com.rickbusarow.kgx.register"]},{"name":"inline fun <S : Any> NamedDomainObjectContainer<S>.registerOnce(name: DomainObjectName<S>, configurationAction: Action<in S> = Actions.doNothing()): NamedDomainObjectProvider<S>","description":"com.rickbusarow.kgx.registerOnce","location":"kotlin-gradle-extensions/com.rickbusarow.kgx/register-once.html","searchKeys":["registerOnce","inline fun <S : Any> NamedDomainObjectContainer<S>.registerOnce(name: DomainObjectName<S>, configurationAction: Action<in S> = Actions.doNothing()): NamedDomainObjectProvider<S>","com.rickbusarow.kgx.registerOnce"]},{"name":"inline fun <S : Task> TaskCollection<in S>.withType(): TaskCollection<S>","description":"com.rickbusarow.kgx.withType","location":"kotlin-gradle-extensions/com.rickbusarow.kgx/with-type.html","searchKeys":["withType","inline fun <S : Task> TaskCollection<in S>.withType(): TaskCollection<S>","com.rickbusarow.kgx.withType"]},{"name":"inline fun <T : Any> NamedDomainObjectCollection<T>.whenElementKnown(configurationAction: ElementInfoAction<T>)","description":"com.rickbusarow.kgx.internal.whenElementKnown","location":"kotlin-gradle-extensions/com.rickbusarow.kgx.internal/when-element-known.html","searchKeys":["whenElementKnown","inline fun <T : Any> NamedDomainObjectCollection<T>.whenElementKnown(configurationAction: ElementInfoAction<T>)","com.rickbusarow.kgx.internal.whenElementKnown"]},{"name":"inline fun <T : Plugin<*>> PluginContainer.applyOnce()","description":"com.rickbusarow.kgx.applyOnce","location":"kotlin-gradle-extensions/com.rickbusarow.kgx/apply-once.html","searchKeys":["applyOnce","inline fun <T : Plugin<*>> PluginContainer.applyOnce()","com.rickbusarow.kgx.applyOnce"]},{"name":"inline fun <T : Task> Project.allProjectsTasksMatchingNameWithType(taskName: String): List<TaskCollection<T>>","description":"com.rickbusarow.kgx.allProjectsTasksMatchingNameWithType","location":"kotlin-gradle-extensions/com.rickbusarow.kgx/all-projects-tasks-matching-name-with-type.html","searchKeys":["allProjectsTasksMatchingNameWithType","inline fun <T : Task> Project.allProjectsTasksMatchingNameWithType(taskName: String): List<TaskCollection<T>>","com.rickbusarow.kgx.allProjectsTasksMatchingNameWithType"]},{"name":"inline fun <T : Task> Project.subProjectsTasksMatchingNameWithType(taskName: String): List<TaskCollection<T>>","description":"com.rickbusarow.kgx.subProjectsTasksMatchingNameWithType","location":"kotlin-gradle-extensions/com.rickbusarow.kgx/sub-projects-tasks-matching-name-with-type.html","searchKeys":["subProjectsTasksMatchingNameWithType","inline fun <T : Task> Project.subProjectsTasksMatchingNameWithType(taskName: String): List<TaskCollection<T>>","com.rickbusarow.kgx.subProjectsTasksMatchingNameWithType"]},{"name":"inline fun <T : Task> T.outputsUpToDateWhen(crossinline predicate: (T) -> Boolean)","description":"com.rickbusarow.kgx.outputsUpToDateWhen","location":"kotlin-gradle-extensions/com.rickbusarow.kgx/outputs-up-to-date-when.html","searchKeys":["outputsUpToDateWhen","inline fun <T : Task> T.outputsUpToDateWhen(crossinline predicate: (T) -> Boolean)","com.rickbusarow.kgx.outputsUpToDateWhen"]},{"name":"inline fun <T : Task> TaskContainer.matchingNameWithType(taskName: String): TaskCollection<T>","description":"com.rickbusarow.kgx.matchingNameWithType","location":"kotlin-gradle-extensions/com.rickbusarow.kgx/matching-name-with-type.html","searchKeys":["matchingNameWithType","inline fun <T : Task> TaskContainer.matchingNameWithType(taskName: String): TaskCollection<T>","com.rickbusarow.kgx.matchingNameWithType"]},{"name":"inline fun <T : Task> TaskContainer.register(name: String, vararg constructorArguments: Any, noinline configuration: (T) -> Unit): TaskProvider<T>","description":"com.rickbusarow.kgx.register","location":"kotlin-gradle-extensions/com.rickbusarow.kgx/register.html","searchKeys":["register","inline fun <T : Task> TaskContainer.register(name: String, vararg constructorArguments: Any, noinline configuration: (T) -> Unit): TaskProvider<T>","com.rickbusarow.kgx.register"]},{"name":"inline fun <T : Task> TaskContainer.registerOnce(name: String): TaskProvider<T>","description":"com.rickbusarow.kgx.registerOnce","location":"kotlin-gradle-extensions/com.rickbusarow.kgx/register-once.html","searchKeys":["registerOnce","inline fun <T : Task> TaskContainer.registerOnce(name: String): TaskProvider<T>","com.rickbusarow.kgx.registerOnce"]},{"name":"inline fun <T : Task> TaskContainer.registerOnce(name: String, configurationAction: Action<in T>): TaskProvider<T>","description":"com.rickbusarow.kgx.registerOnce","location":"kotlin-gradle-extensions/com.rickbusarow.kgx/register-once.html","searchKeys":["registerOnce","inline fun <T : Task> TaskContainer.registerOnce(name: String, configurationAction: Action<in T>): TaskProvider<T>","com.rickbusarow.kgx.registerOnce"]},{"name":"inline fun <T, R : T> NamedDomainObjectCollection<T>.whenElementRegistered(elementName: String, configurationAction: Action<R>)","description":"com.rickbusarow.kgx.internal.whenElementRegistered","location":"kotlin-gradle-extensions/com.rickbusarow.kgx.internal/when-element-registered.html","searchKeys":["whenElementRegistered","inline fun <T, R : T> NamedDomainObjectCollection<T>.whenElementRegistered(elementName: String, configurationAction: Action<R>)","com.rickbusarow.kgx.internal.whenElementRegistered"]},{"name":"inline fun <T> ExtraPropertiesExtension.getOrNullAs(name: String): T?","description":"com.rickbusarow.kgx.getOrNullAs","location":"kotlin-gradle-extensions/com.rickbusarow.kgx/get-or-null-as.html","searchKeys":["getOrNullAs","inline fun <T> ExtraPropertiesExtension.getOrNullAs(name: String): T?","com.rickbusarow.kgx.getOrNullAs"]},{"name":"inline fun <T> ExtraPropertiesExtension.getOrPut(name: String, default: () -> T): T","description":"com.rickbusarow.kgx.getOrPut","location":"kotlin-gradle-extensions/com.rickbusarow.kgx/get-or-put.html","searchKeys":["getOrPut","inline fun <T> ExtraPropertiesExtension.getOrPut(name: String, default: () -> T): T","com.rickbusarow.kgx.getOrPut"]},{"name":"inline fun <T> NamedDomainObjectCollection<T>.requireDefaultCollection(): DefaultNamedDomainObjectCollection<T>","description":"com.rickbusarow.kgx.internal.requireDefaultCollection","location":"kotlin-gradle-extensions/com.rickbusarow.kgx.internal/require-default-collection.html","searchKeys":["requireDefaultCollection","inline fun <T> NamedDomainObjectCollection<T>.requireDefaultCollection(): DefaultNamedDomainObjectCollection<T>","com.rickbusarow.kgx.internal.requireDefaultCollection"]},{"name":"inline fun <T> NamedDomainObjectCollection<T>.whenElementKnown(configurationAction: Action<DefaultNamedDomainObjectCollection.ElementInfo<T>>)","description":"com.rickbusarow.kgx.internal.whenElementKnown","location":"kotlin-gradle-extensions/com.rickbusarow.kgx.internal/when-element-known.html","searchKeys":["whenElementKnown","inline fun <T> NamedDomainObjectCollection<T>.whenElementKnown(configurationAction: Action<DefaultNamedDomainObjectCollection.ElementInfo<T>>)","com.rickbusarow.kgx.internal.whenElementKnown"]},{"name":"inline fun <T> NamedDomainObjectCollection<T>.whenElementRegistered(configurationAction: Action<T>)","description":"com.rickbusarow.kgx.internal.whenElementRegistered","location":"kotlin-gradle-extensions/com.rickbusarow.kgx.internal/when-element-registered.html","searchKeys":["whenElementRegistered","inline fun <T> NamedDomainObjectCollection<T>.whenElementRegistered(configurationAction: Action<T>)","com.rickbusarow.kgx.internal.whenElementRegistered"]},{"name":"inline fun <T> NamedDomainObjectCollection<T>.whenElementRegistered(elementName: String, configurationAction: Action<T>)","description":"com.rickbusarow.kgx.internal.whenElementRegistered","location":"kotlin-gradle-extensions/com.rickbusarow.kgx.internal/when-element-registered.html","searchKeys":["whenElementRegistered","inline fun <T> NamedDomainObjectCollection<T>.whenElementRegistered(elementName: String, configurationAction: Action<T>)","com.rickbusarow.kgx.internal.whenElementRegistered"]},{"name":"inline fun PluginContainer.withAny(vararg ids: String, crossinline action: (Plugin<*>) -> Unit)","description":"com.rickbusarow.kgx.withAny","location":"kotlin-gradle-extensions/com.rickbusarow.kgx/with-any.html","searchKeys":["withAny","inline fun PluginContainer.withAny(vararg ids: String, crossinline action: (Plugin<*>) -> Unit)","com.rickbusarow.kgx.withAny"]},{"name":"inline fun PluginManager.withAnyPlugin(vararg ids: String, crossinline action: (AppliedPlugin) -> Unit)","description":"com.rickbusarow.kgx.withAnyPlugin","location":"kotlin-gradle-extensions/com.rickbusarow.kgx/with-any-plugin.html","searchKeys":["withAnyPlugin","inline fun PluginManager.withAnyPlugin(vararg ids: String, crossinline action: (AppliedPlugin) -> Unit)","com.rickbusarow.kgx.withAnyPlugin"]},{"name":"inline operator fun <T : Any> ElementInfoAction<T>.invoke(elementName: String, elementValue: ElementInfoAction.ElementValue<T>)","description":"com.rickbusarow.kgx.internal.invoke","location":"kotlin-gradle-extensions/com.rickbusarow.kgx.internal/invoke.html","searchKeys":["invoke","inline operator fun <T : Any> ElementInfoAction<T>.invoke(elementName: String, elementValue: ElementInfoAction.ElementValue<T>)","com.rickbusarow.kgx.internal.invoke"]},{"name":"interface ElementValue<T>","description":"com.rickbusarow.kgx.internal.ElementInfoAction.ElementValue","location":"kotlin-gradle-extensions/com.rickbusarow.kgx.internal/-element-info-action/-element-value/index.html","searchKeys":["ElementValue","interface ElementValue<T>","com.rickbusarow.kgx.internal.ElementInfoAction.ElementValue"]},{"name":"interface RegisteredElement<T>","description":"com.rickbusarow.kgx.internal.ElementInfoAction.RegisteredElement","location":"kotlin-gradle-extensions/com.rickbusarow.kgx.internal/-element-info-action/-registered-element/index.html","searchKeys":["RegisteredElement","interface RegisteredElement<T>","com.rickbusarow.kgx.internal.ElementInfoAction.RegisteredElement"]},{"name":"internal fun String.capitalize(locale: Locale = Locale.US): String","description":"com.rickbusarow.kgx.stdlib.capitalize","location":"kotlin-gradle-extensions/com.rickbusarow.kgx.stdlib/capitalize.html","searchKeys":["capitalize","internal fun String.capitalize(locale: Locale = Locale.US): String","com.rickbusarow.kgx.stdlib.capitalize"]},{"name":"internal fun String.decapitalize(locale: Locale = Locale.US): String","description":"com.rickbusarow.kgx.stdlib.decapitalize","location":"kotlin-gradle-extensions/com.rickbusarow.kgx.stdlib/decapitalize.html","searchKeys":["decapitalize","internal fun String.decapitalize(locale: Locale = Locale.US): String","com.rickbusarow.kgx.stdlib.decapitalize"]},{"name":"internal inline fun <T : Any> DefaultNamedDomainObjectCollection.ElementInfo<T>.toRegisteredInfo(namedDomainObjectCollection: NamedDomainObjectCollection<T>): ElementInfoAction.RegisteredElement<T>","description":"com.rickbusarow.kgx.internal.toRegisteredInfo","location":"kotlin-gradle-extensions/com.rickbusarow.kgx.internal/to-registered-info.html","searchKeys":["toRegisteredInfo","internal inline fun <T : Any> DefaultNamedDomainObjectCollection.ElementInfo<T>.toRegisteredInfo(namedDomainObjectCollection: NamedDomainObjectCollection<T>): ElementInfoAction.RegisteredElement<T>","com.rickbusarow.kgx.internal.toRegisteredInfo"]},{"name":"object Companion","description":"com.rickbusarow.kgx.internal.ElementInfoAction.ElementValue.Companion","location":"kotlin-gradle-extensions/com.rickbusarow.kgx.internal/-element-info-action/-element-value/-companion/index.html","searchKeys":["Companion","object Companion","com.rickbusarow.kgx.internal.ElementInfoAction.ElementValue.Companion"]},{"name":"object Companion","description":"com.rickbusarow.kgx.internal.ElementInfoAction.RegisteredElement.Companion","location":"kotlin-gradle-extensions/com.rickbusarow.kgx.internal/-element-info-action/-registered-element/-companion/index.html","searchKeys":["Companion","object Companion","com.rickbusarow.kgx.internal.ElementInfoAction.RegisteredElement.Companion"]},{"name":"open operator fun component1(): String","description":"com.rickbusarow.kgx.internal.ElementInfoAction.RegisteredElement.component1","location":"kotlin-gradle-extensions/com.rickbusarow.kgx.internal/-element-info-action/-registered-element/component1.html","searchKeys":["component1","open operator fun component1(): String","com.rickbusarow.kgx.internal.ElementInfoAction.RegisteredElement.component1"]},{"name":"open operator fun component2(): Class<out T>","description":"com.rickbusarow.kgx.internal.ElementInfoAction.RegisteredElement.component2","location":"kotlin-gradle-extensions/com.rickbusarow.kgx.internal/-element-info-action/-registered-element/component2.html","searchKeys":["component2","open operator fun component2(): Class<out T>","com.rickbusarow.kgx.internal.ElementInfoAction.RegisteredElement.component2"]},{"name":"open operator fun component3(): ElementInfoAction.ElementValue<T>","description":"com.rickbusarow.kgx.internal.ElementInfoAction.RegisteredElement.component3","location":"kotlin-gradle-extensions/com.rickbusarow.kgx.internal/-element-info-action/-registered-element/component3.html","searchKeys":["component3","open operator fun component3(): ElementInfoAction.ElementValue<T>","com.rickbusarow.kgx.internal.ElementInfoAction.RegisteredElement.component3"]},{"name":"open operator override fun component3(): ElementInfoAction.ElementValue.Instance<T>","description":"com.rickbusarow.kgx.internal.ElementInfoAction.RegisteredElement.ObjectBackedRegisteredElement.component3","location":"kotlin-gradle-extensions/com.rickbusarow.kgx.internal/-element-info-action/-registered-element/-object-backed-registered-element/component3.html","searchKeys":["component3","open operator override fun component3(): ElementInfoAction.ElementValue.Instance<T>","com.rickbusarow.kgx.internal.ElementInfoAction.RegisteredElement.ObjectBackedRegisteredElement.component3"]},{"name":"open operator override fun component3(): ElementInfoAction.ElementValue.ProviderInstance<T>","description":"com.rickbusarow.kgx.internal.ElementInfoAction.RegisteredElement.ProviderBackedRegisteredElement.component3","location":"kotlin-gradle-extensions/com.rickbusarow.kgx.internal/-element-info-action/-registered-element/-provider-backed-registered-element/component3.html","searchKeys":["component3","open operator override fun component3(): ElementInfoAction.ElementValue.ProviderInstance<T>","com.rickbusarow.kgx.internal.ElementInfoAction.RegisteredElement.ProviderBackedRegisteredElement.component3"]},{"name":"open override val elementName: String","description":"com.rickbusarow.kgx.internal.ElementInfoAction.RegisteredElement.ObjectBackedRegisteredElement.elementName","location":"kotlin-gradle-extensions/com.rickbusarow.kgx.internal/-element-info-action/-registered-element/-object-backed-registered-element/element-name.html","searchKeys":["elementName","open override val elementName: String","com.rickbusarow.kgx.internal.ElementInfoAction.RegisteredElement.ObjectBackedRegisteredElement.elementName"]},{"name":"open override val elementName: String","description":"com.rickbusarow.kgx.internal.ElementInfoAction.RegisteredElement.ProviderBackedRegisteredElement.elementName","location":"kotlin-gradle-extensions/com.rickbusarow.kgx.internal/-element-info-action/-registered-element/-provider-backed-registered-element/element-name.html","searchKeys":["elementName","open override val elementName: String","com.rickbusarow.kgx.internal.ElementInfoAction.RegisteredElement.ProviderBackedRegisteredElement.elementName"]},{"name":"open override val elementType: Class<out T>","description":"com.rickbusarow.kgx.internal.ElementInfoAction.RegisteredElement.ObjectBackedRegisteredElement.elementType","location":"kotlin-gradle-extensions/com.rickbusarow.kgx.internal/-element-info-action/-registered-element/-object-backed-registered-element/element-type.html","searchKeys":["elementType","open override val elementType: Class<out T>","com.rickbusarow.kgx.internal.ElementInfoAction.RegisteredElement.ObjectBackedRegisteredElement.elementType"]},{"name":"open override val elementType: Class<out T>","description":"com.rickbusarow.kgx.internal.ElementInfoAction.RegisteredElement.ProviderBackedRegisteredElement.elementType","location":"kotlin-gradle-extensions/com.rickbusarow.kgx.internal/-element-info-action/-registered-element/-provider-backed-registered-element/element-type.html","searchKeys":["elementType","open override val elementType: Class<out T>","com.rickbusarow.kgx.internal.ElementInfoAction.RegisteredElement.ProviderBackedRegisteredElement.elementType"]},{"name":"open override val elementValue: ElementInfoAction.ElementValue.Instance<T>","description":"com.rickbusarow.kgx.internal.ElementInfoAction.RegisteredElement.ObjectBackedRegisteredElement.elementValue","location":"kotlin-gradle-extensions/com.rickbusarow.kgx.internal/-element-info-action/-registered-element/-object-backed-registered-element/element-value.html","searchKeys":["elementValue","open override val elementValue: ElementInfoAction.ElementValue.Instance<T>","com.rickbusarow.kgx.internal.ElementInfoAction.RegisteredElement.ObjectBackedRegisteredElement.elementValue"]},{"name":"open override val elementValue: ElementInfoAction.ElementValue.ProviderInstance<T>","description":"com.rickbusarow.kgx.internal.ElementInfoAction.RegisteredElement.ProviderBackedRegisteredElement.elementValue","location":"kotlin-gradle-extensions/com.rickbusarow.kgx.internal/-element-info-action/-registered-element/-provider-backed-registered-element/element-value.html","searchKeys":["elementValue","open override val elementValue: ElementInfoAction.ElementValue.ProviderInstance<T>","com.rickbusarow.kgx.internal.ElementInfoAction.RegisteredElement.ProviderBackedRegisteredElement.elementValue"]},{"name":"open override val value: NamedDomainObjectProvider<T>","description":"com.rickbusarow.kgx.internal.ElementInfoAction.ElementValue.ProviderInstance.value","location":"kotlin-gradle-extensions/com.rickbusarow.kgx.internal/-element-info-action/-element-value/-provider-instance/value.html","searchKeys":["value","open override val value: NamedDomainObjectProvider<T>","com.rickbusarow.kgx.internal.ElementInfoAction.ElementValue.ProviderInstance.value"]},{"name":"open override val value: T","description":"com.rickbusarow.kgx.internal.ElementInfoAction.ElementValue.Instance.value","location":"kotlin-gradle-extensions/com.rickbusarow.kgx.internal/-element-info-action/-element-value/-instance/value.html","searchKeys":["value","open override val value: T","com.rickbusarow.kgx.internal.ElementInfoAction.ElementValue.Instance.value"]},{"name":"operator fun <T : Any> ElementInfoAction<T>.invoke(elementName: String, elementType: Class<out T>, elementValue: ElementInfoAction.ElementValue<T>)","description":"com.rickbusarow.kgx.internal.invoke","location":"kotlin-gradle-extensions/com.rickbusarow.kgx.internal/invoke.html","searchKeys":["invoke","operator fun <T : Any> ElementInfoAction<T>.invoke(elementName: String, elementType: Class<out T>, elementValue: ElementInfoAction.ElementValue<T>)","com.rickbusarow.kgx.internal.invoke"]},{"name":"operator fun <T : Any> invoke(elementName: String, elementType: Class<out T>, elementValue: ElementInfoAction.ElementValue<T>): ElementInfoAction.RegisteredElement<T>","description":"com.rickbusarow.kgx.internal.ElementInfoAction.RegisteredElement.Companion.invoke","location":"kotlin-gradle-extensions/com.rickbusarow.kgx.internal/-element-info-action/-registered-element/-companion/invoke.html","searchKeys":["invoke","operator fun <T : Any> invoke(elementName: String, elementType: Class<out T>, elementValue: ElementInfoAction.ElementValue<T>): ElementInfoAction.RegisteredElement<T>","com.rickbusarow.kgx.internal.ElementInfoAction.RegisteredElement.Companion.invoke"]},{"name":"operator fun <T : Any> invoke(provider: NamedDomainObjectProvider<T>): ElementInfoAction.ElementValue<T>","description":"com.rickbusarow.kgx.internal.ElementInfoAction.ElementValue.Companion.invoke","location":"kotlin-gradle-extensions/com.rickbusarow.kgx.internal/-element-info-action/-element-value/-companion/invoke.html","searchKeys":["invoke","operator fun <T : Any> invoke(provider: NamedDomainObjectProvider<T>): ElementInfoAction.ElementValue<T>","com.rickbusarow.kgx.internal.ElementInfoAction.ElementValue.Companion.invoke"]},{"name":"operator fun <T : Any> invoke(value: T): ElementInfoAction.ElementValue.Instance<T>","description":"com.rickbusarow.kgx.internal.ElementInfoAction.ElementValue.Companion.invoke","location":"kotlin-gradle-extensions/com.rickbusarow.kgx.internal/-element-info-action/-element-value/-companion/invoke.html","searchKeys":["invoke","operator fun <T : Any> invoke(value: T): ElementInfoAction.ElementValue.Instance<T>","com.rickbusarow.kgx.internal.ElementInfoAction.ElementValue.Companion.invoke"]},{"name":"val ConfigurationContainer.api: Configuration","description":"com.rickbusarow.kgx.api","location":"kotlin-gradle-extensions/com.rickbusarow.kgx/api.html","searchKeys":["api","val ConfigurationContainer.api: Configuration","com.rickbusarow.kgx.api"]},{"name":"val ConfigurationContainer.apiOrNull: Configuration?","description":"com.rickbusarow.kgx.apiOrNull","location":"kotlin-gradle-extensions/com.rickbusarow.kgx/api-or-null.html","searchKeys":["apiOrNull","val ConfigurationContainer.apiOrNull: Configuration?","com.rickbusarow.kgx.apiOrNull"]},{"name":"val ConfigurationContainer.apiProvider: NamedDomainObjectProvider<Configuration>","description":"com.rickbusarow.kgx.apiProvider","location":"kotlin-gradle-extensions/com.rickbusarow.kgx/api-provider.html","searchKeys":["apiProvider","val ConfigurationContainer.apiProvider: NamedDomainObjectProvider<Configuration>","com.rickbusarow.kgx.apiProvider"]},{"name":"val ConfigurationContainer.compileOnly: Configuration","description":"com.rickbusarow.kgx.compileOnly","location":"kotlin-gradle-extensions/com.rickbusarow.kgx/compile-only.html","searchKeys":["compileOnly","val ConfigurationContainer.compileOnly: Configuration","com.rickbusarow.kgx.compileOnly"]},{"name":"val ConfigurationContainer.compileOnlyOrNull: Configuration?","description":"com.rickbusarow.kgx.compileOnlyOrNull","location":"kotlin-gradle-extensions/com.rickbusarow.kgx/compile-only-or-null.html","searchKeys":["compileOnlyOrNull","val ConfigurationContainer.compileOnlyOrNull: Configuration?","com.rickbusarow.kgx.compileOnlyOrNull"]},{"name":"val ConfigurationContainer.compileOnlyProvider: NamedDomainObjectProvider<Configuration>","description":"com.rickbusarow.kgx.compileOnlyProvider","location":"kotlin-gradle-extensions/com.rickbusarow.kgx/compile-only-provider.html","searchKeys":["compileOnlyProvider","val ConfigurationContainer.compileOnlyProvider: NamedDomainObjectProvider<Configuration>","com.rickbusarow.kgx.compileOnlyProvider"]},{"name":"val ConfigurationContainer.implementation: Configuration","description":"com.rickbusarow.kgx.implementation","location":"kotlin-gradle-extensions/com.rickbusarow.kgx/implementation.html","searchKeys":["implementation","val ConfigurationContainer.implementation: Configuration","com.rickbusarow.kgx.implementation"]},{"name":"val ConfigurationContainer.implementationOrNull: Configuration?","description":"com.rickbusarow.kgx.implementationOrNull","location":"kotlin-gradle-extensions/com.rickbusarow.kgx/implementation-or-null.html","searchKeys":["implementationOrNull","val ConfigurationContainer.implementationOrNull: Configuration?","com.rickbusarow.kgx.implementationOrNull"]},{"name":"val ConfigurationContainer.implementationProvider: NamedDomainObjectProvider<Configuration>","description":"com.rickbusarow.kgx.implementationProvider","location":"kotlin-gradle-extensions/com.rickbusarow.kgx/implementation-provider.html","searchKeys":["implementationProvider","val ConfigurationContainer.implementationProvider: NamedDomainObjectProvider<Configuration>","com.rickbusarow.kgx.implementationProvider"]},{"name":"val ConfigurationContainer.kapt: Configuration","description":"com.rickbusarow.kgx.kapt","location":"kotlin-gradle-extensions/com.rickbusarow.kgx/kapt.html","searchKeys":["kapt","val ConfigurationContainer.kapt: Configuration","com.rickbusarow.kgx.kapt"]},{"name":"val ConfigurationContainer.kaptOrNull: Configuration?","description":"com.rickbusarow.kgx.kaptOrNull","location":"kotlin-gradle-extensions/com.rickbusarow.kgx/kapt-or-null.html","searchKeys":["kaptOrNull","val ConfigurationContainer.kaptOrNull: Configuration?","com.rickbusarow.kgx.kaptOrNull"]},{"name":"val ConfigurationContainer.kaptProvider: NamedDomainObjectProvider<Configuration>","description":"com.rickbusarow.kgx.kaptProvider","location":"kotlin-gradle-extensions/com.rickbusarow.kgx/kapt-provider.html","searchKeys":["kaptProvider","val ConfigurationContainer.kaptProvider: NamedDomainObjectProvider<Configuration>","com.rickbusarow.kgx.kaptProvider"]},{"name":"val ConfigurationContainer.runtimeOnly: Configuration","description":"com.rickbusarow.kgx.runtimeOnly","location":"kotlin-gradle-extensions/com.rickbusarow.kgx/runtime-only.html","searchKeys":["runtimeOnly","val ConfigurationContainer.runtimeOnly: Configuration","com.rickbusarow.kgx.runtimeOnly"]},{"name":"val ConfigurationContainer.runtimeOnlyOrNull: Configuration?","description":"com.rickbusarow.kgx.runtimeOnlyOrNull","location":"kotlin-gradle-extensions/com.rickbusarow.kgx/runtime-only-or-null.html","searchKeys":["runtimeOnlyOrNull","val ConfigurationContainer.runtimeOnlyOrNull: Configuration?","com.rickbusarow.kgx.runtimeOnlyOrNull"]},{"name":"val ConfigurationContainer.runtimeOnlyProvider: NamedDomainObjectProvider<Configuration>","description":"com.rickbusarow.kgx.runtimeOnlyProvider","location":"kotlin-gradle-extensions/com.rickbusarow.kgx/runtime-only-provider.html","searchKeys":["runtimeOnlyProvider","val ConfigurationContainer.runtimeOnlyProvider: NamedDomainObjectProvider<Configuration>","com.rickbusarow.kgx.runtimeOnlyProvider"]},{"name":"val ExtensionAware.extras: ExtraPropertiesExtension","description":"com.rickbusarow.kgx.extras","location":"kotlin-gradle-extensions/com.rickbusarow.kgx/extras.html","searchKeys":["extras","val ExtensionAware.extras: ExtraPropertiesExtension","com.rickbusarow.kgx.extras"]},{"name":"val Project.catalogs: VersionCatalogsExtension","description":"com.rickbusarow.kgx.catalogs","location":"kotlin-gradle-extensions/com.rickbusarow.kgx/catalogs.html","searchKeys":["catalogs","val Project.catalogs: VersionCatalogsExtension","com.rickbusarow.kgx.catalogs"]},{"name":"val Project.isPartOfRootBuild: Boolean","description":"com.rickbusarow.kgx.isPartOfRootBuild","location":"kotlin-gradle-extensions/com.rickbusarow.kgx/is-part-of-root-build.html","searchKeys":["isPartOfRootBuild","val Project.isPartOfRootBuild: Boolean","com.rickbusarow.kgx.isPartOfRootBuild"]},{"name":"val Project.java: JavaPluginExtension","description":"com.rickbusarow.kgx.java","location":"kotlin-gradle-extensions/com.rickbusarow.kgx/java.html","searchKeys":["java","val Project.java: JavaPluginExtension","com.rickbusarow.kgx.java"]},{"name":"val Project.javaExtension: JavaPluginExtension","description":"com.rickbusarow.kgx.javaExtension","location":"kotlin-gradle-extensions/com.rickbusarow.kgx/java-extension.html","searchKeys":["javaExtension","val Project.javaExtension: JavaPluginExtension","com.rickbusarow.kgx.javaExtension"]},{"name":"val Project.libsCatalog: VersionCatalog","description":"com.rickbusarow.kgx.libsCatalog","location":"kotlin-gradle-extensions/com.rickbusarow.kgx/libs-catalog.html","searchKeys":["libsCatalog","val Project.libsCatalog: VersionCatalog","com.rickbusarow.kgx.libsCatalog"]},{"name":"val Provider<PluginDependency>.pluginId: String","description":"com.rickbusarow.kgx.pluginId","location":"kotlin-gradle-extensions/com.rickbusarow.kgx/plugin-id.html","searchKeys":["pluginId","val Provider<PluginDependency>.pluginId: String","com.rickbusarow.kgx.pluginId"]},{"name":"val obj: T","description":"com.rickbusarow.kgx.internal.ElementInfoAction.RegisteredElement.ObjectBackedRegisteredElement.obj","location":"kotlin-gradle-extensions/com.rickbusarow.kgx.internal/-element-info-action/-registered-element/-object-backed-registered-element/obj.html","searchKeys":["obj","val obj: T","com.rickbusarow.kgx.internal.ElementInfoAction.RegisteredElement.ObjectBackedRegisteredElement.obj"]},{"name":"val provider: Provider<T>","description":"com.rickbusarow.kgx.internal.ElementInfoAction.RegisteredElement.ProviderBackedRegisteredElement.provider","location":"kotlin-gradle-extensions/com.rickbusarow.kgx.internal/-element-info-action/-registered-element/-provider-backed-registered-element/provider.html","searchKeys":["provider","val provider: Provider<T>","com.rickbusarow.kgx.internal.ElementInfoAction.RegisteredElement.ProviderBackedRegisteredElement.provider"]},{"name":"value class ProviderInstance<T>(val value: NamedDomainObjectProvider<T>) : ElementInfoAction.ElementValue<T> ","description":"com.rickbusarow.kgx.internal.ElementInfoAction.ElementValue.ProviderInstance","location":"kotlin-gradle-extensions/com.rickbusarow.kgx.internal/-element-info-action/-element-value/-provider-instance/index.html","searchKeys":["ProviderInstance","value class ProviderInstance<T>(val value: NamedDomainObjectProvider<T>) : ElementInfoAction.ElementValue<T> ","com.rickbusarow.kgx.internal.ElementInfoAction.ElementValue.ProviderInstance"]},{"name":"abstract val value: String","description":"com.rickbusarow.kgx.names.DomainObjectName.value","location":"names/com.rickbusarow.kgx.names/-domain-object-name/value.html","searchKeys":["value","abstract val value: String","com.rickbusarow.kgx.names.DomainObjectName.value"]},{"name":"constructor(value: String)","description":"com.rickbusarow.kgx.names.ConfigurationName.ConfigurationName","location":"names/com.rickbusarow.kgx.names/-configuration-name/-configuration-name.html","searchKeys":["ConfigurationName","constructor(value: String)","com.rickbusarow.kgx.names.ConfigurationName.ConfigurationName"]},{"name":"constructor(value: String)","description":"com.rickbusarow.kgx.names.SourceSetName.SourceSetName","location":"names/com.rickbusarow.kgx.names/-source-set-name/-source-set-name.html","searchKeys":["SourceSetName","constructor(value: String)","com.rickbusarow.kgx.names.SourceSetName.SourceSetName"]},{"name":"constructor(value: String)","description":"com.rickbusarow.kgx.names.TaskName.TaskName","location":"names/com.rickbusarow.kgx.names/-task-name/-task-name.html","searchKeys":["TaskName","constructor(value: String)","com.rickbusarow.kgx.names.TaskName.TaskName"]},{"name":"fun <S : Any> domainObjectName(name: String): DomainObjectName<S>","description":"com.rickbusarow.kgx.names.DomainObjectName.Companion.domainObjectName","location":"names/com.rickbusarow.kgx.names/-domain-object-name/-companion/domain-object-name.html","searchKeys":["domainObjectName","fun <S : Any> domainObjectName(name: String): DomainObjectName<S>","com.rickbusarow.kgx.names.DomainObjectName.Companion.domainObjectName"]},{"name":"fun SourceSetName.addPrefix(prefix: ConfigurationName): ConfigurationName","description":"com.rickbusarow.kgx.names.SourceSetName.Companion.addPrefix","location":"names/com.rickbusarow.kgx.names/-source-set-name/-companion/add-prefix.html","searchKeys":["addPrefix","fun SourceSetName.addPrefix(prefix: ConfigurationName): ConfigurationName","com.rickbusarow.kgx.names.SourceSetName.Companion.addPrefix"]},{"name":"fun SourceSetName.addPrefix(prefix: SourceSetName): SourceSetName","description":"com.rickbusarow.kgx.names.SourceSetName.Companion.addPrefix","location":"names/com.rickbusarow.kgx.names/-source-set-name/-companion/add-prefix.html","searchKeys":["addPrefix","fun SourceSetName.addPrefix(prefix: SourceSetName): SourceSetName","com.rickbusarow.kgx.names.SourceSetName.Companion.addPrefix"]},{"name":"fun SourceSetName.addPrefix(prefix: String): String","description":"com.rickbusarow.kgx.names.SourceSetName.Companion.addPrefix","location":"names/com.rickbusarow.kgx.names/-source-set-name/-companion/add-prefix.html","searchKeys":["addPrefix","fun SourceSetName.addPrefix(prefix: String): String","com.rickbusarow.kgx.names.SourceSetName.Companion.addPrefix"]},{"name":"fun SourceSetName.addPrefix(prefix: TaskName): TaskName","description":"com.rickbusarow.kgx.names.SourceSetName.Companion.addPrefix","location":"names/com.rickbusarow.kgx.names/-source-set-name/-companion/add-prefix.html","searchKeys":["addPrefix","fun SourceSetName.addPrefix(prefix: TaskName): TaskName","com.rickbusarow.kgx.names.SourceSetName.Companion.addPrefix"]},{"name":"fun SourceSetName.addSuffix(suffix: ConfigurationName): ConfigurationName","description":"com.rickbusarow.kgx.names.SourceSetName.Companion.addSuffix","location":"names/com.rickbusarow.kgx.names/-source-set-name/-companion/add-suffix.html","searchKeys":["addSuffix","fun SourceSetName.addSuffix(suffix: ConfigurationName): ConfigurationName","com.rickbusarow.kgx.names.SourceSetName.Companion.addSuffix"]},{"name":"fun SourceSetName.addSuffix(suffix: SourceSetName): SourceSetName","description":"com.rickbusarow.kgx.names.SourceSetName.Companion.addSuffix","location":"names/com.rickbusarow.kgx.names/-source-set-name/-companion/add-suffix.html","searchKeys":["addSuffix","fun SourceSetName.addSuffix(suffix: SourceSetName): SourceSetName","com.rickbusarow.kgx.names.SourceSetName.Companion.addSuffix"]},{"name":"fun SourceSetName.addSuffix(suffix: String): String","description":"com.rickbusarow.kgx.names.SourceSetName.Companion.addSuffix","location":"names/com.rickbusarow.kgx.names/-source-set-name/-companion/add-suffix.html","searchKeys":["addSuffix","fun SourceSetName.addSuffix(suffix: String): String","com.rickbusarow.kgx.names.SourceSetName.Companion.addSuffix"]},{"name":"fun SourceSetName.addSuffix(suffix: TaskName): TaskName","description":"com.rickbusarow.kgx.names.SourceSetName.Companion.addSuffix","location":"names/com.rickbusarow.kgx.names/-source-set-name/-companion/add-suffix.html","searchKeys":["addSuffix","fun SourceSetName.addSuffix(suffix: TaskName): TaskName","com.rickbusarow.kgx.names.SourceSetName.Companion.addSuffix"]},{"name":"fun SourceSetName.anvilConfig(): ConfigurationName","description":"com.rickbusarow.kgx.names.SourceSetName.Companion.anvilConfig","location":"names/com.rickbusarow.kgx.names/-source-set-name/-companion/anvil-config.html","searchKeys":["anvilConfig","fun SourceSetName.anvilConfig(): ConfigurationName","com.rickbusarow.kgx.names.SourceSetName.Companion.anvilConfig"]},{"name":"fun SourceSetName.apiConfig(): ConfigurationName","description":"com.rickbusarow.kgx.names.SourceSetName.Companion.apiConfig","location":"names/com.rickbusarow.kgx.names/-source-set-name/-companion/api-config.html","searchKeys":["apiConfig","fun SourceSetName.apiConfig(): ConfigurationName","com.rickbusarow.kgx.names.SourceSetName.Companion.apiConfig"]},{"name":"fun SourceSetName.assemble(): TaskName","description":"com.rickbusarow.kgx.names.TaskName.Companion.assemble","location":"names/com.rickbusarow.kgx.names/-task-name/-companion/assemble.html","searchKeys":["assemble","fun SourceSetName.assemble(): TaskName","com.rickbusarow.kgx.names.TaskName.Companion.assemble"]},{"name":"fun SourceSetName.compileJava(): TaskName","description":"com.rickbusarow.kgx.names.TaskName.Companion.compileJava","location":"names/com.rickbusarow.kgx.names/-task-name/-companion/compile-java.html","searchKeys":["compileJava","fun SourceSetName.compileJava(): TaskName","com.rickbusarow.kgx.names.TaskName.Companion.compileJava"]},{"name":"fun SourceSetName.compileJavaWithJavac(): TaskName","description":"com.rickbusarow.kgx.names.TaskName.Companion.compileJavaWithJavac","location":"names/com.rickbusarow.kgx.names/-task-name/-companion/compile-java-with-javac.html","searchKeys":["compileJavaWithJavac","fun SourceSetName.compileJavaWithJavac(): TaskName","com.rickbusarow.kgx.names.TaskName.Companion.compileJavaWithJavac"]},{"name":"fun SourceSetName.compileKotlin(): TaskName","description":"com.rickbusarow.kgx.names.TaskName.Companion.compileKotlin","location":"names/com.rickbusarow.kgx.names/-task-name/-companion/compile-kotlin.html","searchKeys":["compileKotlin","fun SourceSetName.compileKotlin(): TaskName","com.rickbusarow.kgx.names.TaskName.Companion.compileKotlin"]},{"name":"fun SourceSetName.compileOnlyConfig(): ConfigurationName","description":"com.rickbusarow.kgx.names.SourceSetName.Companion.compileOnlyConfig","location":"names/com.rickbusarow.kgx.names/-source-set-name/-companion/compile-only-config.html","searchKeys":["compileOnlyConfig","fun SourceSetName.compileOnlyConfig(): ConfigurationName","com.rickbusarow.kgx.names.SourceSetName.Companion.compileOnlyConfig"]},{"name":"fun SourceSetName.hasPrefix(prefix: DomainObjectName<*>): Boolean","description":"com.rickbusarow.kgx.names.SourceSetName.Companion.hasPrefix","location":"names/com.rickbusarow.kgx.names/-source-set-name/-companion/has-prefix.html","searchKeys":["hasPrefix","fun SourceSetName.hasPrefix(prefix: DomainObjectName<*>): Boolean","com.rickbusarow.kgx.names.SourceSetName.Companion.hasPrefix"]},{"name":"fun SourceSetName.hasPrefix(prefix: String): Boolean","description":"com.rickbusarow.kgx.names.SourceSetName.Companion.hasPrefix","location":"names/com.rickbusarow.kgx.names/-source-set-name/-companion/has-prefix.html","searchKeys":["hasPrefix","fun SourceSetName.hasPrefix(prefix: String): Boolean","com.rickbusarow.kgx.names.SourceSetName.Companion.hasPrefix"]},{"name":"fun SourceSetName.implementationConfig(): ConfigurationName","description":"com.rickbusarow.kgx.names.SourceSetName.Companion.implementationConfig","location":"names/com.rickbusarow.kgx.names/-source-set-name/-companion/implementation-config.html","searchKeys":["implementationConfig","fun SourceSetName.implementationConfig(): ConfigurationName","com.rickbusarow.kgx.names.SourceSetName.Companion.implementationConfig"]},{"name":"fun SourceSetName.isMain(): Boolean","description":"com.rickbusarow.kgx.names.SourceSetName.Companion.isMain","location":"names/com.rickbusarow.kgx.names/-source-set-name/-companion/is-main.html","searchKeys":["isMain","fun SourceSetName.isMain(): Boolean","com.rickbusarow.kgx.names.SourceSetName.Companion.isMain"]},{"name":"fun SourceSetName.isTestFixtures(): Boolean","description":"com.rickbusarow.kgx.names.SourceSetName.Companion.isTestFixtures","location":"names/com.rickbusarow.kgx.names/-source-set-name/-companion/is-test-fixtures.html","searchKeys":["isTestFixtures","fun SourceSetName.isTestFixtures(): Boolean","com.rickbusarow.kgx.names.SourceSetName.Companion.isTestFixtures"]},{"name":"fun SourceSetName.kaptConfig(): ConfigurationName","description":"com.rickbusarow.kgx.names.SourceSetName.Companion.kaptConfig","location":"names/com.rickbusarow.kgx.names/-source-set-name/-companion/kapt-config.html","searchKeys":["kaptConfig","fun SourceSetName.kaptConfig(): ConfigurationName","com.rickbusarow.kgx.names.SourceSetName.Companion.kaptConfig"]},{"name":"fun SourceSetName.kspConfig(): ConfigurationName","description":"com.rickbusarow.kgx.names.SourceSetName.Companion.kspConfig","location":"names/com.rickbusarow.kgx.names/-source-set-name/-companion/ksp-config.html","searchKeys":["kspConfig","fun SourceSetName.kspConfig(): ConfigurationName","com.rickbusarow.kgx.names.SourceSetName.Companion.kspConfig"]},{"name":"fun SourceSetName.removePrefix(prefix: DomainObjectName<*>): SourceSetName","description":"com.rickbusarow.kgx.names.SourceSetName.Companion.removePrefix","location":"names/com.rickbusarow.kgx.names/-source-set-name/-companion/remove-prefix.html","searchKeys":["removePrefix","fun SourceSetName.removePrefix(prefix: DomainObjectName<*>): SourceSetName","com.rickbusarow.kgx.names.SourceSetName.Companion.removePrefix"]},{"name":"fun SourceSetName.removePrefix(prefix: String): SourceSetName","description":"com.rickbusarow.kgx.names.SourceSetName.Companion.removePrefix","location":"names/com.rickbusarow.kgx.names/-source-set-name/-companion/remove-prefix.html","searchKeys":["removePrefix","fun SourceSetName.removePrefix(prefix: String): SourceSetName","com.rickbusarow.kgx.names.SourceSetName.Companion.removePrefix"]},{"name":"fun SourceSetName.removeSuffix(suffix: DomainObjectName<*>): SourceSetName","description":"com.rickbusarow.kgx.names.SourceSetName.Companion.removeSuffix","location":"names/com.rickbusarow.kgx.names/-source-set-name/-companion/remove-suffix.html","searchKeys":["removeSuffix","fun SourceSetName.removeSuffix(suffix: DomainObjectName<*>): SourceSetName","com.rickbusarow.kgx.names.SourceSetName.Companion.removeSuffix"]},{"name":"fun SourceSetName.removeSuffix(suffix: String): SourceSetName","description":"com.rickbusarow.kgx.names.SourceSetName.Companion.removeSuffix","location":"names/com.rickbusarow.kgx.names/-source-set-name/-companion/remove-suffix.html","searchKeys":["removeSuffix","fun SourceSetName.removeSuffix(suffix: String): SourceSetName","com.rickbusarow.kgx.names.SourceSetName.Companion.removeSuffix"]},{"name":"fun SourceSetName.runtimeOnlyConfig(): ConfigurationName","description":"com.rickbusarow.kgx.names.SourceSetName.Companion.runtimeOnlyConfig","location":"names/com.rickbusarow.kgx.names/-source-set-name/-companion/runtime-only-config.html","searchKeys":["runtimeOnlyConfig","fun SourceSetName.runtimeOnlyConfig(): ConfigurationName","com.rickbusarow.kgx.names.SourceSetName.Companion.runtimeOnlyConfig"]},{"name":"fun SourceSetName.test(): TaskName","description":"com.rickbusarow.kgx.names.TaskName.Companion.test","location":"names/com.rickbusarow.kgx.names/-task-name/-companion/test.html","searchKeys":["test","fun SourceSetName.test(): TaskName","com.rickbusarow.kgx.names.TaskName.Companion.test"]},{"name":"fun SourceSetName.testUnitTest(): TaskName","description":"com.rickbusarow.kgx.names.TaskName.Companion.testUnitTest","location":"names/com.rickbusarow.kgx.names/-task-name/-companion/test-unit-test.html","searchKeys":["testUnitTest","fun SourceSetName.testUnitTest(): TaskName","com.rickbusarow.kgx.names.TaskName.Companion.testUnitTest"]},{"name":"fun String.asConfigurationName(): ConfigurationName","description":"com.rickbusarow.kgx.names.ConfigurationName.Companion.asConfigurationName","location":"names/com.rickbusarow.kgx.names/-configuration-name/-companion/as-configuration-name.html","searchKeys":["asConfigurationName","fun String.asConfigurationName(): ConfigurationName","com.rickbusarow.kgx.names.ConfigurationName.Companion.asConfigurationName"]},{"name":"fun String.asSourceSetName(): SourceSetName","description":"com.rickbusarow.kgx.names.SourceSetName.Companion.asSourceSetName","location":"names/com.rickbusarow.kgx.names/-source-set-name/-companion/as-source-set-name.html","searchKeys":["asSourceSetName","fun String.asSourceSetName(): SourceSetName","com.rickbusarow.kgx.names.SourceSetName.Companion.asSourceSetName"]},{"name":"fun String.asTaskName(): TaskName","description":"com.rickbusarow.kgx.names.TaskName.Companion.asTaskName","location":"names/com.rickbusarow.kgx.names/-task-name/-companion/as-task-name.html","searchKeys":["asTaskName","fun String.asTaskName(): TaskName","com.rickbusarow.kgx.names.TaskName.Companion.asTaskName"]},{"name":"fun apiVariant(): ConfigurationName","description":"com.rickbusarow.kgx.names.ConfigurationName.apiVariant","location":"names/com.rickbusarow.kgx.names/-configuration-name/api-variant.html","searchKeys":["apiVariant","fun apiVariant(): ConfigurationName","com.rickbusarow.kgx.names.ConfigurationName.apiVariant"]},{"name":"fun configurationName(): ReadOnlyProperty<Any?, ConfigurationName>","description":"com.rickbusarow.kgx.names.ConfigurationName.Companion.configurationName","location":"names/com.rickbusarow.kgx.names/-configuration-name/-companion/configuration-name.html","searchKeys":["configurationName","fun configurationName(): ReadOnlyProperty<Any?, ConfigurationName>","com.rickbusarow.kgx.names.ConfigurationName.Companion.configurationName"]},{"name":"fun implementationVariant(): ConfigurationName","description":"com.rickbusarow.kgx.names.ConfigurationName.implementationVariant","location":"names/com.rickbusarow.kgx.names/-configuration-name/implementation-variant.html","searchKeys":["implementationVariant","fun implementationVariant(): ConfigurationName","com.rickbusarow.kgx.names.ConfigurationName.implementationVariant"]},{"name":"fun isApi(): Boolean","description":"com.rickbusarow.kgx.names.ConfigurationName.isApi","location":"names/com.rickbusarow.kgx.names/-configuration-name/is-api.html","searchKeys":["isApi","fun isApi(): Boolean","com.rickbusarow.kgx.names.ConfigurationName.isApi"]},{"name":"fun isImplementation(): Boolean","description":"com.rickbusarow.kgx.names.ConfigurationName.isImplementation","location":"names/com.rickbusarow.kgx.names/-configuration-name/is-implementation.html","searchKeys":["isImplementation","fun isImplementation(): Boolean","com.rickbusarow.kgx.names.ConfigurationName.isImplementation"]},{"name":"fun isKapt(): Boolean","description":"com.rickbusarow.kgx.names.ConfigurationName.isKapt","location":"names/com.rickbusarow.kgx.names/-configuration-name/is-kapt.html","searchKeys":["isKapt","fun isKapt(): Boolean","com.rickbusarow.kgx.names.ConfigurationName.isKapt"]},{"name":"fun kaptVariant(): ConfigurationName","description":"com.rickbusarow.kgx.names.ConfigurationName.kaptVariant","location":"names/com.rickbusarow.kgx.names/-configuration-name/kapt-variant.html","searchKeys":["kaptVariant","fun kaptVariant(): ConfigurationName","com.rickbusarow.kgx.names.ConfigurationName.kaptVariant"]},{"name":"fun main(): List<ConfigurationName>","description":"com.rickbusarow.kgx.names.ConfigurationName.Companion.main","location":"names/com.rickbusarow.kgx.names/-configuration-name/-companion/main.html","searchKeys":["main","fun main(): List<ConfigurationName>","com.rickbusarow.kgx.names.ConfigurationName.Companion.main"]},{"name":"fun nameWithoutSourceSet(): String","description":"com.rickbusarow.kgx.names.ConfigurationName.nameWithoutSourceSet","location":"names/com.rickbusarow.kgx.names/-configuration-name/name-without-source-set.html","searchKeys":["nameWithoutSourceSet","fun nameWithoutSourceSet(): String","com.rickbusarow.kgx.names.ConfigurationName.nameWithoutSourceSet"]},{"name":"fun private(): List<ConfigurationName>","description":"com.rickbusarow.kgx.names.ConfigurationName.Companion.private","location":"names/com.rickbusarow.kgx.names/-configuration-name/-companion/private.html","searchKeys":["private","fun private(): List<ConfigurationName>","com.rickbusarow.kgx.names.ConfigurationName.Companion.private"]},{"name":"fun public(): List<ConfigurationName>","description":"com.rickbusarow.kgx.names.ConfigurationName.Companion.public","location":"names/com.rickbusarow.kgx.names/-configuration-name/-companion/public.html","searchKeys":["public","fun public(): List<ConfigurationName>","com.rickbusarow.kgx.names.ConfigurationName.Companion.public"]},{"name":"fun sourceSetName(): ReadOnlyProperty<Any?, SourceSetName>","description":"com.rickbusarow.kgx.names.SourceSetName.Companion.sourceSetName","location":"names/com.rickbusarow.kgx.names/-source-set-name/-companion/source-set-name.html","searchKeys":["sourceSetName","fun sourceSetName(): ReadOnlyProperty<Any?, SourceSetName>","com.rickbusarow.kgx.names.SourceSetName.Companion.sourceSetName"]},{"name":"fun switchSourceSet(newSourceSetName: SourceSetName): ConfigurationName","description":"com.rickbusarow.kgx.names.ConfigurationName.switchSourceSet","location":"names/com.rickbusarow.kgx.names/-configuration-name/switch-source-set.html","searchKeys":["switchSourceSet","fun switchSourceSet(newSourceSetName: SourceSetName): ConfigurationName","com.rickbusarow.kgx.names.ConfigurationName.switchSourceSet"]},{"name":"fun taskName(): ReadOnlyProperty<Any?, TaskName>","description":"com.rickbusarow.kgx.names.TaskName.Companion.taskName","location":"names/com.rickbusarow.kgx.names/-task-name/-companion/task-name.html","searchKeys":["taskName","fun taskName(): ReadOnlyProperty<Any?, TaskName>","com.rickbusarow.kgx.names.TaskName.Companion.taskName"]},{"name":"fun toSourceSetName(): SourceSetName","description":"com.rickbusarow.kgx.names.ConfigurationName.toSourceSetName","location":"names/com.rickbusarow.kgx.names/-configuration-name/to-source-set-name.html","searchKeys":["toSourceSetName","fun toSourceSetName(): SourceSetName","com.rickbusarow.kgx.names.ConfigurationName.toSourceSetName"]},{"name":"interface DomainObjectName<in S : Any>","description":"com.rickbusarow.kgx.names.DomainObjectName","location":"names/com.rickbusarow.kgx.names/-domain-object-name/index.html","searchKeys":["DomainObjectName","interface DomainObjectName<in S : Any>","com.rickbusarow.kgx.names.DomainObjectName"]},{"name":"internal fun String.capitalize(locale: Locale = Locale.US): String","description":"com.rickbusarow.kgx.names.stdlib.capitalize","location":"names/com.rickbusarow.kgx.names.stdlib/capitalize.html","searchKeys":["capitalize","internal fun String.capitalize(locale: Locale = Locale.US): String","com.rickbusarow.kgx.names.stdlib.capitalize"]},{"name":"internal fun String.decapitalize(locale: Locale = Locale.US): String","description":"com.rickbusarow.kgx.names.stdlib.decapitalize","location":"names/com.rickbusarow.kgx.names.stdlib/decapitalize.html","searchKeys":["decapitalize","internal fun String.decapitalize(locale: Locale = Locale.US): String","com.rickbusarow.kgx.names.stdlib.decapitalize"]},{"name":"internal inline fun <S : DomainObjectName<T>, T : Any> lazyName(crossinline init: (name: String) -> S): ReadOnlyProperty<Any?, S>","description":"com.rickbusarow.kgx.names.DomainObjectName.Companion.lazyName","location":"names/com.rickbusarow.kgx.names/-domain-object-name/-companion/lazy-name.html","searchKeys":["lazyName","internal inline fun <S : DomainObjectName<T>, T : Any> lazyName(crossinline init: (name: String) -> S): ReadOnlyProperty<Any?, S>","com.rickbusarow.kgx.names.DomainObjectName.Companion.lazyName"]},{"name":"internal val mainCommonConfigurations: List<String>","description":"com.rickbusarow.kgx.names.ConfigurationName.Companion.mainCommonConfigurations","location":"names/com.rickbusarow.kgx.names/-configuration-name/-companion/main-common-configurations.html","searchKeys":["mainCommonConfigurations","internal val mainCommonConfigurations: List<String>","com.rickbusarow.kgx.names.ConfigurationName.Companion.mainCommonConfigurations"]},{"name":"object Companion","description":"com.rickbusarow.kgx.names.ConfigurationName.Companion","location":"names/com.rickbusarow.kgx.names/-configuration-name/-companion/index.html","searchKeys":["Companion","object Companion","com.rickbusarow.kgx.names.ConfigurationName.Companion"]},{"name":"object Companion","description":"com.rickbusarow.kgx.names.DomainObjectName.Companion","location":"names/com.rickbusarow.kgx.names/-domain-object-name/-companion/index.html","searchKeys":["Companion","object Companion","com.rickbusarow.kgx.names.DomainObjectName.Companion"]},{"name":"object Companion","description":"com.rickbusarow.kgx.names.SourceSetName.Companion","location":"names/com.rickbusarow.kgx.names/-source-set-name/-companion/index.html","searchKeys":["Companion","object Companion","com.rickbusarow.kgx.names.SourceSetName.Companion"]},{"name":"object Companion","description":"com.rickbusarow.kgx.names.TaskName.Companion","location":"names/com.rickbusarow.kgx.names/-task-name/-companion/index.html","searchKeys":["Companion","object Companion","com.rickbusarow.kgx.names.TaskName.Companion"]},{"name":"open operator override fun compareTo(other: ConfigurationName): Int","description":"com.rickbusarow.kgx.names.ConfigurationName.compareTo","location":"names/com.rickbusarow.kgx.names/-configuration-name/compare-to.html","searchKeys":["compareTo","open operator override fun compareTo(other: ConfigurationName): Int","com.rickbusarow.kgx.names.ConfigurationName.compareTo"]},{"name":"open operator override fun compareTo(other: TaskName): Int","description":"com.rickbusarow.kgx.names.TaskName.compareTo","location":"names/com.rickbusarow.kgx.names/-task-name/compare-to.html","searchKeys":["compareTo","open operator override fun compareTo(other: TaskName): Int","com.rickbusarow.kgx.names.TaskName.compareTo"]},{"name":"open override fun toString(): String","description":"com.rickbusarow.kgx.names.ConfigurationName.toString","location":"names/com.rickbusarow.kgx.names/-configuration-name/to-string.html","searchKeys":["toString","open override fun toString(): String","com.rickbusarow.kgx.names.ConfigurationName.toString"]},{"name":"open override fun toString(): String","description":"com.rickbusarow.kgx.names.SourceSetName.toString","location":"names/com.rickbusarow.kgx.names/-source-set-name/to-string.html","searchKeys":["toString","open override fun toString(): String","com.rickbusarow.kgx.names.SourceSetName.toString"]},{"name":"open override val value: String","description":"com.rickbusarow.kgx.names.ConfigurationName.value","location":"names/com.rickbusarow.kgx.names/-configuration-name/value.html","searchKeys":["value","open override val value: String","com.rickbusarow.kgx.names.ConfigurationName.value"]},{"name":"open override val value: String","description":"com.rickbusarow.kgx.names.SourceSetName.value","location":"names/com.rickbusarow.kgx.names/-source-set-name/value.html","searchKeys":["value","open override val value: String","com.rickbusarow.kgx.names.SourceSetName.value"]},{"name":"open override val value: String","description":"com.rickbusarow.kgx.names.TaskName.value","location":"names/com.rickbusarow.kgx.names/-task-name/value.html","searchKeys":["value","open override val value: String","com.rickbusarow.kgx.names.TaskName.value"]},{"name":"private fun String.extractSourceSetName(): SourceSetName","description":"com.rickbusarow.kgx.names.ConfigurationName.extractSourceSetName","location":"names/com.rickbusarow.kgx.names/-configuration-name/extract-source-set-name.html","searchKeys":["extractSourceSetName","private fun String.extractSourceSetName(): SourceSetName","com.rickbusarow.kgx.names.ConfigurationName.extractSourceSetName"]},{"name":"private val mainConfigurationsCapitalized: Set<String>","description":"com.rickbusarow.kgx.names.ConfigurationName.Companion.mainConfigurationsCapitalized","location":"names/com.rickbusarow.kgx.names/-configuration-name/-companion/main-configurations-capitalized.html","searchKeys":["mainConfigurationsCapitalized","private val mainConfigurationsCapitalized: Set<String>","com.rickbusarow.kgx.names.ConfigurationName.Companion.mainConfigurationsCapitalized"]},{"name":"val androidTest: SourceSetName","description":"com.rickbusarow.kgx.names.SourceSetName.Companion.androidTest","location":"names/com.rickbusarow.kgx.names/-source-set-name/-companion/android-test.html","searchKeys":["androidTest","val androidTest: SourceSetName","com.rickbusarow.kgx.names.SourceSetName.Companion.androidTest"]},{"name":"val androidTestImplementation: ConfigurationName","description":"com.rickbusarow.kgx.names.ConfigurationName.Companion.androidTestImplementation","location":"names/com.rickbusarow.kgx.names/-configuration-name/-companion/android-test-implementation.html","searchKeys":["androidTestImplementation","val androidTestImplementation: ConfigurationName","com.rickbusarow.kgx.names.ConfigurationName.Companion.androidTestImplementation"]},{"name":"val annotationProcessor: ConfigurationName","description":"com.rickbusarow.kgx.names.ConfigurationName.Companion.annotationProcessor","location":"names/com.rickbusarow.kgx.names/-configuration-name/-companion/annotation-processor.html","searchKeys":["annotationProcessor","val annotationProcessor: ConfigurationName","com.rickbusarow.kgx.names.ConfigurationName.Companion.annotationProcessor"]},{"name":"val anvil: ConfigurationName","description":"com.rickbusarow.kgx.names.ConfigurationName.Companion.anvil","location":"names/com.rickbusarow.kgx.names/-configuration-name/-companion/anvil.html","searchKeys":["anvil","val anvil: ConfigurationName","com.rickbusarow.kgx.names.ConfigurationName.Companion.anvil"]},{"name":"val api: ConfigurationName","description":"com.rickbusarow.kgx.names.ConfigurationName.Companion.api","location":"names/com.rickbusarow.kgx.names/-configuration-name/-companion/api.html","searchKeys":["api","val api: ConfigurationName","com.rickbusarow.kgx.names.ConfigurationName.Companion.api"]},{"name":"val assemble: TaskName","description":"com.rickbusarow.kgx.names.TaskName.Companion.assemble","location":"names/com.rickbusarow.kgx.names/-task-name/-companion/assemble.html","searchKeys":["assemble","val assemble: TaskName","com.rickbusarow.kgx.names.TaskName.Companion.assemble"]},{"name":"val build: TaskName","description":"com.rickbusarow.kgx.names.TaskName.Companion.build","location":"names/com.rickbusarow.kgx.names/-task-name/-companion/build.html","searchKeys":["build","val build: TaskName","com.rickbusarow.kgx.names.TaskName.Companion.build"]},{"name":"val check: TaskName","description":"com.rickbusarow.kgx.names.TaskName.Companion.check","location":"names/com.rickbusarow.kgx.names/-task-name/-companion/check.html","searchKeys":["check","val check: TaskName","com.rickbusarow.kgx.names.TaskName.Companion.check"]},{"name":"val clean: TaskName","description":"com.rickbusarow.kgx.names.TaskName.Companion.clean","location":"names/com.rickbusarow.kgx.names/-task-name/-companion/clean.html","searchKeys":["clean","val clean: TaskName","com.rickbusarow.kgx.names.TaskName.Companion.clean"]},{"name":"val commonJvm: SourceSetName","description":"com.rickbusarow.kgx.names.SourceSetName.Companion.commonJvm","location":"names/com.rickbusarow.kgx.names/-source-set-name/-companion/common-jvm.html","searchKeys":["commonJvm","val commonJvm: SourceSetName","com.rickbusarow.kgx.names.SourceSetName.Companion.commonJvm"]},{"name":"val commonJvmTest: SourceSetName","description":"com.rickbusarow.kgx.names.SourceSetName.Companion.commonJvmTest","location":"names/com.rickbusarow.kgx.names/-source-set-name/-companion/common-jvm-test.html","searchKeys":["commonJvmTest","val commonJvmTest: SourceSetName","com.rickbusarow.kgx.names.SourceSetName.Companion.commonJvmTest"]},{"name":"val commonMain: SourceSetName","description":"com.rickbusarow.kgx.names.SourceSetName.Companion.commonMain","location":"names/com.rickbusarow.kgx.names/-source-set-name/-companion/common-main.html","searchKeys":["commonMain","val commonMain: SourceSetName","com.rickbusarow.kgx.names.SourceSetName.Companion.commonMain"]},{"name":"val commonTest: SourceSetName","description":"com.rickbusarow.kgx.names.SourceSetName.Companion.commonTest","location":"names/com.rickbusarow.kgx.names/-source-set-name/-companion/common-test.html","searchKeys":["commonTest","val commonTest: SourceSetName","com.rickbusarow.kgx.names.SourceSetName.Companion.commonTest"]},{"name":"val compile: ConfigurationName","description":"com.rickbusarow.kgx.names.ConfigurationName.Companion.compile","location":"names/com.rickbusarow.kgx.names/-configuration-name/-companion/compile.html","searchKeys":["compile","val compile: ConfigurationName","com.rickbusarow.kgx.names.ConfigurationName.Companion.compile"]},{"name":"val compileJava: TaskName","description":"com.rickbusarow.kgx.names.TaskName.Companion.compileJava","location":"names/com.rickbusarow.kgx.names/-task-name/-companion/compile-java.html","searchKeys":["compileJava","val compileJava: TaskName","com.rickbusarow.kgx.names.TaskName.Companion.compileJava"]},{"name":"val compileJavaWithJavac: TaskName","description":"com.rickbusarow.kgx.names.TaskName.Companion.compileJavaWithJavac","location":"names/com.rickbusarow.kgx.names/-task-name/-companion/compile-java-with-javac.html","searchKeys":["compileJavaWithJavac","val compileJavaWithJavac: TaskName","com.rickbusarow.kgx.names.TaskName.Companion.compileJavaWithJavac"]},{"name":"val compileKotlin: TaskName","description":"com.rickbusarow.kgx.names.TaskName.Companion.compileKotlin","location":"names/com.rickbusarow.kgx.names/-task-name/-companion/compile-kotlin.html","searchKeys":["compileKotlin","val compileKotlin: TaskName","com.rickbusarow.kgx.names.TaskName.Companion.compileKotlin"]},{"name":"val compileOnly: ConfigurationName","description":"com.rickbusarow.kgx.names.ConfigurationName.Companion.compileOnly","location":"names/com.rickbusarow.kgx.names/-configuration-name/-companion/compile-only.html","searchKeys":["compileOnly","val compileOnly: ConfigurationName","com.rickbusarow.kgx.names.ConfigurationName.Companion.compileOnly"]},{"name":"val compileOnlyApi: ConfigurationName","description":"com.rickbusarow.kgx.names.ConfigurationName.Companion.compileOnlyApi","location":"names/com.rickbusarow.kgx.names/-configuration-name/-companion/compile-only-api.html","searchKeys":["compileOnlyApi","val compileOnlyApi: ConfigurationName","com.rickbusarow.kgx.names.ConfigurationName.Companion.compileOnlyApi"]},{"name":"val debug: SourceSetName","description":"com.rickbusarow.kgx.names.SourceSetName.Companion.debug","location":"names/com.rickbusarow.kgx.names/-source-set-name/-companion/debug.html","searchKeys":["debug","val debug: SourceSetName","com.rickbusarow.kgx.names.SourceSetName.Companion.debug"]},{"name":"val implementation: ConfigurationName","description":"com.rickbusarow.kgx.names.ConfigurationName.Companion.implementation","location":"names/com.rickbusarow.kgx.names/-configuration-name/-companion/implementation.html","searchKeys":["implementation","val implementation: ConfigurationName","com.rickbusarow.kgx.names.ConfigurationName.Companion.implementation"]},{"name":"val jar: TaskName","description":"com.rickbusarow.kgx.names.TaskName.Companion.jar","location":"names/com.rickbusarow.kgx.names/-task-name/-companion/jar.html","searchKeys":["jar","val jar: TaskName","com.rickbusarow.kgx.names.TaskName.Companion.jar"]},{"name":"val kapt: ConfigurationName","description":"com.rickbusarow.kgx.names.ConfigurationName.Companion.kapt","location":"names/com.rickbusarow.kgx.names/-configuration-name/-companion/kapt.html","searchKeys":["kapt","val kapt: ConfigurationName","com.rickbusarow.kgx.names.ConfigurationName.Companion.kapt"]},{"name":"val kotlinCompileClasspath: ConfigurationName","description":"com.rickbusarow.kgx.names.ConfigurationName.Companion.kotlinCompileClasspath","location":"names/com.rickbusarow.kgx.names/-configuration-name/-companion/kotlin-compile-classpath.html","searchKeys":["kotlinCompileClasspath","val kotlinCompileClasspath: ConfigurationName","com.rickbusarow.kgx.names.ConfigurationName.Companion.kotlinCompileClasspath"]},{"name":"val ksp: ConfigurationName","description":"com.rickbusarow.kgx.names.ConfigurationName.Companion.ksp","location":"names/com.rickbusarow.kgx.names/-configuration-name/-companion/ksp.html","searchKeys":["ksp","val ksp: ConfigurationName","com.rickbusarow.kgx.names.ConfigurationName.Companion.ksp"]},{"name":"val main: SourceSetName","description":"com.rickbusarow.kgx.names.SourceSetName.Companion.main","location":"names/com.rickbusarow.kgx.names/-source-set-name/-companion/main.html","searchKeys":["main","val main: SourceSetName","com.rickbusarow.kgx.names.SourceSetName.Companion.main"]},{"name":"val mainConfigurations: List<String>","description":"com.rickbusarow.kgx.names.ConfigurationName.Companion.mainConfigurations","location":"names/com.rickbusarow.kgx.names/-configuration-name/-companion/main-configurations.html","searchKeys":["mainConfigurations","val mainConfigurations: List<String>","com.rickbusarow.kgx.names.ConfigurationName.Companion.mainConfigurations"]},{"name":"val release: SourceSetName","description":"com.rickbusarow.kgx.names.SourceSetName.Companion.release","location":"names/com.rickbusarow.kgx.names/-source-set-name/-companion/release.html","searchKeys":["release","val release: SourceSetName","com.rickbusarow.kgx.names.SourceSetName.Companion.release"]},{"name":"val runtime: ConfigurationName","description":"com.rickbusarow.kgx.names.ConfigurationName.Companion.runtime","location":"names/com.rickbusarow.kgx.names/-configuration-name/-companion/runtime.html","searchKeys":["runtime","val runtime: ConfigurationName","com.rickbusarow.kgx.names.ConfigurationName.Companion.runtime"]},{"name":"val runtimeOnly: ConfigurationName","description":"com.rickbusarow.kgx.names.ConfigurationName.Companion.runtimeOnly","location":"names/com.rickbusarow.kgx.names/-configuration-name/-companion/runtime-only.html","searchKeys":["runtimeOnly","val runtimeOnly: ConfigurationName","com.rickbusarow.kgx.names.ConfigurationName.Companion.runtimeOnly"]},{"name":"val shadow: ConfigurationName","description":"com.rickbusarow.kgx.names.ConfigurationName.Companion.shadow","location":"names/com.rickbusarow.kgx.names/-configuration-name/-companion/shadow.html","searchKeys":["shadow","val shadow: ConfigurationName","com.rickbusarow.kgx.names.ConfigurationName.Companion.shadow"]},{"name":"val test: SourceSetName","description":"com.rickbusarow.kgx.names.SourceSetName.Companion.test","location":"names/com.rickbusarow.kgx.names/-source-set-name/-companion/test.html","searchKeys":["test","val test: SourceSetName","com.rickbusarow.kgx.names.SourceSetName.Companion.test"]},{"name":"val test: TaskName","description":"com.rickbusarow.kgx.names.TaskName.Companion.test","location":"names/com.rickbusarow.kgx.names/-task-name/-companion/test.html","searchKeys":["test","val test: TaskName","com.rickbusarow.kgx.names.TaskName.Companion.test"]},{"name":"val testApi: ConfigurationName","description":"com.rickbusarow.kgx.names.ConfigurationName.Companion.testApi","location":"names/com.rickbusarow.kgx.names/-configuration-name/-companion/test-api.html","searchKeys":["testApi","val testApi: ConfigurationName","com.rickbusarow.kgx.names.ConfigurationName.Companion.testApi"]},{"name":"val testFixtures: SourceSetName","description":"com.rickbusarow.kgx.names.SourceSetName.Companion.testFixtures","location":"names/com.rickbusarow.kgx.names/-source-set-name/-companion/test-fixtures.html","searchKeys":["testFixtures","val testFixtures: SourceSetName","com.rickbusarow.kgx.names.SourceSetName.Companion.testFixtures"]},{"name":"val testImplementation: ConfigurationName","description":"com.rickbusarow.kgx.names.ConfigurationName.Companion.testImplementation","location":"names/com.rickbusarow.kgx.names/-configuration-name/-companion/test-implementation.html","searchKeys":["testImplementation","val testImplementation: ConfigurationName","com.rickbusarow.kgx.names.ConfigurationName.Companion.testImplementation"]},{"name":"val testUnitTest: TaskName","description":"com.rickbusarow.kgx.names.TaskName.Companion.testUnitTest","location":"names/com.rickbusarow.kgx.names/-task-name/-companion/test-unit-test.html","searchKeys":["testUnitTest","val testUnitTest: TaskName","com.rickbusarow.kgx.names.TaskName.Companion.testUnitTest"]},{"name":"value class ConfigurationName(val value: String) : DomainObjectName<Configuration> , Comparable<ConfigurationName> ","description":"com.rickbusarow.kgx.names.ConfigurationName","location":"names/com.rickbusarow.kgx.names/-configuration-name/index.html","searchKeys":["ConfigurationName","value class ConfigurationName(val value: String) : DomainObjectName<Configuration> , Comparable<ConfigurationName> ","com.rickbusarow.kgx.names.ConfigurationName"]},{"name":"value class SourceSetName(val value: String) : DomainObjectName<Any> ","description":"com.rickbusarow.kgx.names.SourceSetName","location":"names/com.rickbusarow.kgx.names/-source-set-name/index.html","searchKeys":["SourceSetName","value class SourceSetName(val value: String) : DomainObjectName<Any> ","com.rickbusarow.kgx.names.SourceSetName"]},{"name":"value class TaskName(val value: String) : DomainObjectName<Task> , Comparable<TaskName> ","description":"com.rickbusarow.kgx.names.TaskName","location":"names/com.rickbusarow.kgx.names/-task-name/index.html","searchKeys":["TaskName","value class TaskName(val value: String) : DomainObjectName<Task> , Comparable<TaskName> ","com.rickbusarow.kgx.names.TaskName"]}]