[{"name":"abstract val elementName: String","description":"com.rickbusarow.kgx.internal.ElementInfoAction.RegisteredElement.elementName","location":"kotlin-gradle-extensions/com.rickbusarow.kgx.internal/-element-info-action/-registered-element/element-name.html","searchKeys":["elementName","abstract val elementName: String","com.rickbusarow.kgx.internal.ElementInfoAction.RegisteredElement.elementName"]},{"name":"abstract val elementType: Class<out T>","description":"com.rickbusarow.kgx.internal.ElementInfoAction.RegisteredElement.elementType","location":"kotlin-gradle-extensions/com.rickbusarow.kgx.internal/-element-info-action/-registered-element/element-type.html","searchKeys":["elementType","abstract val elementType: Class<out T>","com.rickbusarow.kgx.internal.ElementInfoAction.RegisteredElement.elementType"]},{"name":"abstract val elementValue: ElementInfoAction.ElementValue<T>","description":"com.rickbusarow.kgx.internal.ElementInfoAction.RegisteredElement.elementValue","location":"kotlin-gradle-extensions/com.rickbusarow.kgx.internal/-element-info-action/-registered-element/element-value.html","searchKeys":["elementValue","abstract val elementValue: ElementInfoAction.ElementValue<T>","com.rickbusarow.kgx.internal.ElementInfoAction.RegisteredElement.elementValue"]},{"name":"abstract val value: Any?","description":"com.rickbusarow.kgx.internal.ElementInfoAction.ElementValue.value","location":"kotlin-gradle-extensions/com.rickbusarow.kgx.internal/-element-info-action/-element-value/value.html","searchKeys":["value","abstract val value: Any?","com.rickbusarow.kgx.internal.ElementInfoAction.ElementValue.value"]},{"name":"annotation class EagerGradleApi","description":"com.rickbusarow.kgx.EagerGradleApi","location":"kotlin-gradle-extensions/com.rickbusarow.kgx/-eager-gradle-api/index.html","searchKeys":["EagerGradleApi","annotation class EagerGradleApi","com.rickbusarow.kgx.EagerGradleApi"]},{"name":"annotation class InternalGradleApiAccess","description":"com.rickbusarow.kgx.internal.InternalGradleApiAccess","location":"kotlin-gradle-extensions/com.rickbusarow.kgx.internal/-internal-gradle-api-access/index.html","searchKeys":["InternalGradleApiAccess","annotation class InternalGradleApiAccess","com.rickbusarow.kgx.internal.InternalGradleApiAccess"]},{"name":"class Instance<T>(val value: T) : ElementInfoAction.ElementValue<T> ","description":"com.rickbusarow.kgx.internal.ElementInfoAction.ElementValue.Instance","location":"kotlin-gradle-extensions/com.rickbusarow.kgx.internal/-element-info-action/-element-value/-instance/index.html","searchKeys":["Instance","class Instance<T>(val value: T) : ElementInfoAction.ElementValue<T> ","com.rickbusarow.kgx.internal.ElementInfoAction.ElementValue.Instance"]},{"name":"class ObjectBackedRegisteredElement<T : Any>(val elementName: String, val elementValue: ElementInfoAction.ElementValue.Instance<T>) : ElementInfoAction.RegisteredElement<T> ","description":"com.rickbusarow.kgx.internal.ElementInfoAction.RegisteredElement.ObjectBackedRegisteredElement","location":"kotlin-gradle-extensions/com.rickbusarow.kgx.internal/-element-info-action/-registered-element/-object-backed-registered-element/index.html","searchKeys":["ObjectBackedRegisteredElement","class ObjectBackedRegisteredElement<T : Any>(val elementName: String, val elementValue: ElementInfoAction.ElementValue.Instance<T>) : ElementInfoAction.RegisteredElement<T> ","com.rickbusarow.kgx.internal.ElementInfoAction.RegisteredElement.ObjectBackedRegisteredElement"]},{"name":"class ProviderBackedRegisteredElement<T : Any>(val elementName: String, val elementType: Class<out T>, val elementValue: ElementInfoAction.ElementValue.ProviderInstance<T>) : ElementInfoAction.RegisteredElement<T> ","description":"com.rickbusarow.kgx.internal.ElementInfoAction.RegisteredElement.ProviderBackedRegisteredElement","location":"kotlin-gradle-extensions/com.rickbusarow.kgx.internal/-element-info-action/-registered-element/-provider-backed-registered-element/index.html","searchKeys":["ProviderBackedRegisteredElement","class ProviderBackedRegisteredElement<T : Any>(val elementName: String, val elementType: Class<out T>, val elementValue: ElementInfoAction.ElementValue.ProviderInstance<T>) : ElementInfoAction.RegisteredElement<T> ","com.rickbusarow.kgx.internal.ElementInfoAction.RegisteredElement.ProviderBackedRegisteredElement"]},{"name":"constructor(elementName: String, elementType: Class<out T>, elementValue: ElementInfoAction.ElementValue.ProviderInstance<T>)","description":"com.rickbusarow.kgx.internal.ElementInfoAction.RegisteredElement.ProviderBackedRegisteredElement.ProviderBackedRegisteredElement","location":"kotlin-gradle-extensions/com.rickbusarow.kgx.internal/-element-info-action/-registered-element/-provider-backed-registered-element/-provider-backed-registered-element.html","searchKeys":["ProviderBackedRegisteredElement","constructor(elementName: String, elementType: Class<out T>, elementValue: ElementInfoAction.ElementValue.ProviderInstance<T>)","com.rickbusarow.kgx.internal.ElementInfoAction.RegisteredElement.ProviderBackedRegisteredElement.ProviderBackedRegisteredElement"]},{"name":"constructor(elementName: String, elementValue: ElementInfoAction.ElementValue.Instance<T>)","description":"com.rickbusarow.kgx.internal.ElementInfoAction.RegisteredElement.ObjectBackedRegisteredElement.ObjectBackedRegisteredElement","location":"kotlin-gradle-extensions/com.rickbusarow.kgx.internal/-element-info-action/-registered-element/-object-backed-registered-element/-object-backed-registered-element.html","searchKeys":["ObjectBackedRegisteredElement","constructor(elementName: String, elementValue: ElementInfoAction.ElementValue.Instance<T>)","com.rickbusarow.kgx.internal.ElementInfoAction.RegisteredElement.ObjectBackedRegisteredElement.ObjectBackedRegisteredElement"]},{"name":"constructor(value: NamedDomainObjectProvider<T>)","description":"com.rickbusarow.kgx.internal.ElementInfoAction.ElementValue.ProviderInstance.ProviderInstance","location":"kotlin-gradle-extensions/com.rickbusarow.kgx.internal/-element-info-action/-element-value/-provider-instance/-provider-instance.html","searchKeys":["ProviderInstance","constructor(value: NamedDomainObjectProvider<T>)","com.rickbusarow.kgx.internal.ElementInfoAction.ElementValue.ProviderInstance.ProviderInstance"]},{"name":"constructor(value: T)","description":"com.rickbusarow.kgx.internal.ElementInfoAction.ElementValue.Instance.Instance","location":"kotlin-gradle-extensions/com.rickbusarow.kgx.internal/-element-info-action/-element-value/-instance/-instance.html","searchKeys":["Instance","constructor(value: T)","com.rickbusarow.kgx.internal.ElementInfoAction.ElementValue.Instance.Instance"]},{"name":"fun <T : Any> NamedDomainObjectCollection<T>.hasRealized(elementName: String): Boolean","description":"com.rickbusarow.kgx.internal.hasRealized","location":"kotlin-gradle-extensions/com.rickbusarow.kgx.internal/has-realized.html","searchKeys":["hasRealized","fun <T : Any> NamedDomainObjectCollection<T>.hasRealized(elementName: String): Boolean","com.rickbusarow.kgx.internal.hasRealized"]},{"name":"fun <T : Any> NamedDomainObjectProvider<T>.isRealized(): Boolean","description":"com.rickbusarow.kgx.internal.isRealized","location":"kotlin-gradle-extensions/com.rickbusarow.kgx.internal/is-realized.html","searchKeys":["isRealized","fun <T : Any> NamedDomainObjectProvider<T>.isRealized(): Boolean","com.rickbusarow.kgx.internal.isRealized"]},{"name":"fun <T : Task> TaskCollection<T>.dependOn(vararg objects: Any): TaskCollection<T>","description":"com.rickbusarow.kgx.dependOn","location":"kotlin-gradle-extensions/com.rickbusarow.kgx/depend-on.html","searchKeys":["dependOn","fun <T : Task> TaskCollection<T>.dependOn(vararg objects: Any): TaskCollection<T>","com.rickbusarow.kgx.dependOn"]},{"name":"fun <T : Task> TaskCollection<T>.mustRunAfter(vararg objects: Any): TaskCollection<T>","description":"com.rickbusarow.kgx.mustRunAfter","location":"kotlin-gradle-extensions/com.rickbusarow.kgx/must-run-after.html","searchKeys":["mustRunAfter","fun <T : Task> TaskCollection<T>.mustRunAfter(vararg objects: Any): TaskCollection<T>","com.rickbusarow.kgx.mustRunAfter"]},{"name":"fun <T : Task> TaskContainer.registerOnce(name: String, type: Class<T>, configurationAction: Action<in T>): TaskProvider<T>","description":"com.rickbusarow.kgx.registerOnce","location":"kotlin-gradle-extensions/com.rickbusarow.kgx/register-once.html","searchKeys":["registerOnce","fun <T : Task> TaskContainer.registerOnce(name: String, type: Class<T>, configurationAction: Action<in T>): TaskProvider<T>","com.rickbusarow.kgx.registerOnce"]},{"name":"fun <T : Task> TaskProvider<T>.addAsDependencyTo(dependentTask: TaskProvider<*>): TaskProvider<T>","description":"com.rickbusarow.kgx.addAsDependencyTo","location":"kotlin-gradle-extensions/com.rickbusarow.kgx/add-as-dependency-to.html","searchKeys":["addAsDependencyTo","fun <T : Task> TaskProvider<T>.addAsDependencyTo(dependentTask: TaskProvider<*>): TaskProvider<T>","com.rickbusarow.kgx.addAsDependencyTo"]},{"name":"fun <T : Task> TaskProvider<T>.addAsDependencyTo(dependentTasks: TaskCollection<*>): TaskProvider<T>","description":"com.rickbusarow.kgx.addAsDependencyTo","location":"kotlin-gradle-extensions/com.rickbusarow.kgx/add-as-dependency-to.html","searchKeys":["addAsDependencyTo","fun <T : Task> TaskProvider<T>.addAsDependencyTo(dependentTasks: TaskCollection<*>): TaskProvider<T>","com.rickbusarow.kgx.addAsDependencyTo"]},{"name":"fun <T : Task> TaskProvider<T>.dependsOn(vararg objects: Any): TaskProvider<T>","description":"com.rickbusarow.kgx.dependsOn","location":"kotlin-gradle-extensions/com.rickbusarow.kgx/depends-on.html","searchKeys":["dependsOn","fun <T : Task> TaskProvider<T>.dependsOn(vararg objects: Any): TaskProvider<T>","com.rickbusarow.kgx.dependsOn"]},{"name":"fun <T : Task> TaskProvider<T>.mustRunAfter(vararg objects: Any): TaskProvider<T>","description":"com.rickbusarow.kgx.mustRunAfter","location":"kotlin-gradle-extensions/com.rickbusarow.kgx/must-run-after.html","searchKeys":["mustRunAfter","fun <T : Task> TaskProvider<T>.mustRunAfter(vararg objects: Any): TaskProvider<T>","com.rickbusarow.kgx.mustRunAfter"]},{"name":"fun <T> NamedDomainObjectContainer<T>.registerOnce(name: String, configurationAction: Action<in T>): NamedDomainObjectProvider<T>","description":"com.rickbusarow.kgx.registerOnce","location":"kotlin-gradle-extensions/com.rickbusarow.kgx/register-once.html","searchKeys":["registerOnce","fun <T> NamedDomainObjectContainer<T>.registerOnce(name: String, configurationAction: Action<in T>): NamedDomainObjectProvider<T>","com.rickbusarow.kgx.registerOnce"]},{"name":"fun DependencyHandler.project(path: String, configuration: String? = null): ProjectDependency","description":"com.rickbusarow.kgx.project","location":"kotlin-gradle-extensions/com.rickbusarow.kgx/project.html","searchKeys":["project","fun DependencyHandler.project(path: String, configuration: String? = null): ProjectDependency","com.rickbusarow.kgx.project"]},{"name":"fun ExtraPropertiesExtension.getOrNull(name: String): Any?","description":"com.rickbusarow.kgx.getOrNull","location":"kotlin-gradle-extensions/com.rickbusarow.kgx/get-or-null.html","searchKeys":["getOrNull","fun ExtraPropertiesExtension.getOrNull(name: String): Any?","com.rickbusarow.kgx.getOrNull"]},{"name":"fun File.existsOrNull(): File?","description":"com.rickbusarow.kgx.existsOrNull","location":"kotlin-gradle-extensions/com.rickbusarow.kgx/exists-or-null.html","searchKeys":["existsOrNull","fun File.existsOrNull(): File?","com.rickbusarow.kgx.existsOrNull"]},{"name":"fun File.hasGradleProjectFiles(): Boolean","description":"com.rickbusarow.kgx.hasGradleProjectFiles","location":"kotlin-gradle-extensions/com.rickbusarow.kgx/has-gradle-project-files.html","searchKeys":["hasGradleProjectFiles","fun File.hasGradleProjectFiles(): Boolean","com.rickbusarow.kgx.hasGradleProjectFiles"]},{"name":"fun File.isDirectoryWithFiles(childPredicate: (File) -> Boolean = { it.exists() }): Boolean","description":"com.rickbusarow.kgx.isDirectoryWithFiles","location":"kotlin-gradle-extensions/com.rickbusarow.kgx/is-directory-with-files.html","searchKeys":["isDirectoryWithFiles","fun File.isDirectoryWithFiles(childPredicate: (File) -> Boolean = { it.exists() }): Boolean","com.rickbusarow.kgx.isDirectoryWithFiles"]},{"name":"fun File.isOrphanedBuildOrGradleDir(): Boolean","description":"com.rickbusarow.kgx.isOrphanedBuildOrGradleDir","location":"kotlin-gradle-extensions/com.rickbusarow.kgx/is-orphaned-build-or-gradle-dir.html","searchKeys":["isOrphanedBuildOrGradleDir","fun File.isOrphanedBuildOrGradleDir(): Boolean","com.rickbusarow.kgx.isOrphanedBuildOrGradleDir"]},{"name":"fun File.isOrphanedGradleProperties(): Boolean","description":"com.rickbusarow.kgx.isOrphanedGradleProperties","location":"kotlin-gradle-extensions/com.rickbusarow.kgx/is-orphaned-gradle-properties.html","searchKeys":["isOrphanedGradleProperties","fun File.isOrphanedGradleProperties(): Boolean","com.rickbusarow.kgx.isOrphanedGradleProperties"]},{"name":"fun File.resolveInParent(relativePath: String): File","description":"com.rickbusarow.kgx.resolveInParent","location":"kotlin-gradle-extensions/com.rickbusarow.kgx/resolve-in-parent.html","searchKeys":["resolveInParent","fun File.resolveInParent(relativePath: String): File","com.rickbusarow.kgx.resolveInParent"]},{"name":"fun File.resolveInParentOrNull(relativePath: String): File?","description":"com.rickbusarow.kgx.resolveInParentOrNull","location":"kotlin-gradle-extensions/com.rickbusarow.kgx/resolve-in-parent-or-null.html","searchKeys":["resolveInParentOrNull","fun File.resolveInParentOrNull(relativePath: String): File?","com.rickbusarow.kgx.resolveInParentOrNull"]},{"name":"fun Gradle.allIncludedProjects(): List<ProjectInternal>","description":"com.rickbusarow.kgx.internal.allIncludedProjects","location":"kotlin-gradle-extensions/com.rickbusarow.kgx.internal/all-included-projects.html","searchKeys":["allIncludedProjects","fun Gradle.allIncludedProjects(): List<ProjectInternal>","com.rickbusarow.kgx.internal.allIncludedProjects"]},{"name":"fun Gradle.includedAllProjectsTasks(taskName: String): List<TaskCollection<Task>>","description":"com.rickbusarow.kgx.includedAllProjectsTasks","location":"kotlin-gradle-extensions/com.rickbusarow.kgx/included-all-projects-tasks.html","searchKeys":["includedAllProjectsTasks","fun Gradle.includedAllProjectsTasks(taskName: String): List<TaskCollection<Task>>","com.rickbusarow.kgx.includedAllProjectsTasks"]},{"name":"fun Gradle.includedRootProjectsTasks(taskName: String): List<TaskCollection<Task>>","description":"com.rickbusarow.kgx.internal.includedRootProjectsTasks","location":"kotlin-gradle-extensions/com.rickbusarow.kgx.internal/included-root-projects-tasks.html","searchKeys":["includedRootProjectsTasks","fun Gradle.includedRootProjectsTasks(taskName: String): List<TaskCollection<Task>>","com.rickbusarow.kgx.internal.includedRootProjectsTasks"]},{"name":"fun Gradle.parents(): Sequence<Gradle>","description":"com.rickbusarow.kgx.parents","location":"kotlin-gradle-extensions/com.rickbusarow.kgx/parents.html","searchKeys":["parents","fun Gradle.parents(): Sequence<Gradle>","com.rickbusarow.kgx.parents"]},{"name":"fun Gradle.parentsWithSelf(): Sequence<Gradle>","description":"com.rickbusarow.kgx.parentsWithSelf","location":"kotlin-gradle-extensions/com.rickbusarow.kgx/parents-with-self.html","searchKeys":["parentsWithSelf","fun Gradle.parentsWithSelf(): Sequence<Gradle>","com.rickbusarow.kgx.parentsWithSelf"]},{"name":"fun IncludedBuild.allProjects(): Set<ProjectInternal>","description":"com.rickbusarow.kgx.internal.allProjects","location":"kotlin-gradle-extensions/com.rickbusarow.kgx.internal/all-projects.html","searchKeys":["allProjects","fun IncludedBuild.allProjects(): Set<ProjectInternal>","com.rickbusarow.kgx.internal.allProjects"]},{"name":"fun IncludedBuild.requireProjectRegistry(): ProjectRegistry<ProjectInternal>","description":"com.rickbusarow.kgx.internal.requireProjectRegistry","location":"kotlin-gradle-extensions/com.rickbusarow.kgx.internal/require-project-registry.html","searchKeys":["requireProjectRegistry","fun IncludedBuild.requireProjectRegistry(): ProjectRegistry<ProjectInternal>","com.rickbusarow.kgx.internal.requireProjectRegistry"]},{"name":"fun IncludedBuild.rootProject(): ProjectInternal","description":"com.rickbusarow.kgx.internal.rootProject","location":"kotlin-gradle-extensions/com.rickbusarow.kgx.internal/root-project.html","searchKeys":["rootProject","fun IncludedBuild.rootProject(): ProjectInternal","com.rickbusarow.kgx.internal.rootProject"]},{"name":"fun KotlinMultiplatformExtension.onTargetRegistered(configurationAction: ElementInfoAction<KotlinTarget>)","description":"com.rickbusarow.kgx.onTargetRegistered","location":"kotlin-gradle-extensions/com.rickbusarow.kgx/on-target-registered.html","searchKeys":["onTargetRegistered","fun KotlinMultiplatformExtension.onTargetRegistered(configurationAction: ElementInfoAction<KotlinTarget>)","com.rickbusarow.kgx.onTargetRegistered"]},{"name":"fun KotlinProjectExtension.onTargetRegistered(configurationAction: ElementInfoAction<KotlinTarget>)","description":"com.rickbusarow.kgx.onTargetRegistered","location":"kotlin-gradle-extensions/com.rickbusarow.kgx/on-target-registered.html","searchKeys":["onTargetRegistered","fun KotlinProjectExtension.onTargetRegistered(configurationAction: ElementInfoAction<KotlinTarget>)","com.rickbusarow.kgx.onTargetRegistered"]},{"name":"fun ObjectFactory.fileTree(baseDir: Any): ConfigurableFileTree","description":"com.rickbusarow.kgx.fileTree","location":"kotlin-gradle-extensions/com.rickbusarow.kgx/file-tree.html","searchKeys":["fileTree","fun ObjectFactory.fileTree(baseDir: Any): ConfigurableFileTree","com.rickbusarow.kgx.fileTree"]},{"name":"fun ObjectFactory.fileTree(baseDir: Any, configureAction: Action<in ConfigurableFileTree>): ConfigurableFileTree","description":"com.rickbusarow.kgx.fileTree","location":"kotlin-gradle-extensions/com.rickbusarow.kgx/file-tree.html","searchKeys":["fileTree","fun ObjectFactory.fileTree(baseDir: Any, configureAction: Action<in ConfigurableFileTree>): ConfigurableFileTree","com.rickbusarow.kgx.fileTree"]},{"name":"fun PluginContainer.applyOnce(id: String)","description":"com.rickbusarow.kgx.applyOnce","location":"kotlin-gradle-extensions/com.rickbusarow.kgx/apply-once.html","searchKeys":["applyOnce","fun PluginContainer.applyOnce(id: String)","com.rickbusarow.kgx.applyOnce"]},{"name":"fun Project.allProjectsTasksMatchingName(taskName: String): List<TaskCollection<Task>>","description":"com.rickbusarow.kgx.allProjectsTasksMatchingName","location":"kotlin-gradle-extensions/com.rickbusarow.kgx/all-projects-tasks-matching-name.html","searchKeys":["allProjectsTasksMatchingName","fun Project.allProjectsTasksMatchingName(taskName: String): List<TaskCollection<Task>>","com.rickbusarow.kgx.allProjectsTasksMatchingName"]},{"name":"fun Project.buildDir(): File","description":"com.rickbusarow.kgx.buildDir","location":"kotlin-gradle-extensions/com.rickbusarow.kgx/build-dir.html","searchKeys":["buildDir","fun Project.buildDir(): File","com.rickbusarow.kgx.buildDir"]},{"name":"fun Project.checkProjectIsRoot(message: () -> Any = { \"Only apply this plugin to the project root.\" })","description":"com.rickbusarow.kgx.checkProjectIsRoot","location":"kotlin-gradle-extensions/com.rickbusarow.kgx/check-project-is-root.html","searchKeys":["checkProjectIsRoot","fun Project.checkProjectIsRoot(message: () -> Any = { \"Only apply this plugin to the project root.\" })","com.rickbusarow.kgx.checkProjectIsRoot"]},{"name":"fun Project.isRealRootProject(): Boolean","description":"com.rickbusarow.kgx.isRealRootProject","location":"kotlin-gradle-extensions/com.rickbusarow.kgx/is-real-root-project.html","searchKeys":["isRealRootProject","fun Project.isRealRootProject(): Boolean","com.rickbusarow.kgx.isRealRootProject"]},{"name":"fun Project.isRootProject(): Boolean","description":"com.rickbusarow.kgx.isRootProject","location":"kotlin-gradle-extensions/com.rickbusarow.kgx/is-root-project.html","searchKeys":["isRootProject","fun Project.isRootProject(): Boolean","com.rickbusarow.kgx.isRootProject"]},{"name":"fun Project.projectDependency(path: String, configuration: String? = null): ProjectDependency","description":"com.rickbusarow.kgx.projectDependency","location":"kotlin-gradle-extensions/com.rickbusarow.kgx/project-dependency.html","searchKeys":["projectDependency","fun Project.projectDependency(path: String, configuration: String? = null): ProjectDependency","com.rickbusarow.kgx.projectDependency"]},{"name":"fun Project.subProjectsTasksMatchingName(taskName: String): List<TaskCollection<Task>>","description":"com.rickbusarow.kgx.subProjectsTasksMatchingName","location":"kotlin-gradle-extensions/com.rickbusarow.kgx/sub-projects-tasks-matching-name.html","searchKeys":["subProjectsTasksMatchingName","fun Project.subProjectsTasksMatchingName(taskName: String): List<TaskCollection<Task>>","com.rickbusarow.kgx.subProjectsTasksMatchingName"]},{"name":"fun Task.undecoratedTypeName(): String","description":"com.rickbusarow.kgx.undecoratedTypeName","location":"kotlin-gradle-extensions/com.rickbusarow.kgx/undecorated-type-name.html","searchKeys":["undecoratedTypeName","fun Task.undecoratedTypeName(): String","com.rickbusarow.kgx.undecoratedTypeName"]},{"name":"fun TaskContainer.matchingName(taskName: String): TaskCollection<Task>","description":"com.rickbusarow.kgx.matchingName","location":"kotlin-gradle-extensions/com.rickbusarow.kgx/matching-name.html","searchKeys":["matchingName","fun TaskContainer.matchingName(taskName: String): TaskCollection<Task>","com.rickbusarow.kgx.matchingName"]},{"name":"fun TaskContainer.matchingNames(vararg taskNames: String): TaskCollection<Task>","description":"com.rickbusarow.kgx.matchingNames","location":"kotlin-gradle-extensions/com.rickbusarow.kgx/matching-names.html","searchKeys":["matchingNames","fun TaskContainer.matchingNames(vararg taskNames: String): TaskCollection<Task>","com.rickbusarow.kgx.matchingNames"]},{"name":"fun TaskContainer.maybeNamed(taskName: String, configurationAction: Action<Task>)","description":"com.rickbusarow.kgx.maybeNamed","location":"kotlin-gradle-extensions/com.rickbusarow.kgx/maybe-named.html","searchKeys":["maybeNamed","fun TaskContainer.maybeNamed(taskName: String, configurationAction: Action<Task>)","com.rickbusarow.kgx.maybeNamed"]},{"name":"fun VersionCatalog.dependency(alias: String): Provider<MinimalExternalModuleDependency>","description":"com.rickbusarow.kgx.dependency","location":"kotlin-gradle-extensions/com.rickbusarow.kgx/dependency.html","searchKeys":["dependency","fun VersionCatalog.dependency(alias: String): Provider<MinimalExternalModuleDependency>","com.rickbusarow.kgx.dependency"]},{"name":"fun VersionCatalog.pluginId(alias: String): String","description":"com.rickbusarow.kgx.pluginId","location":"kotlin-gradle-extensions/com.rickbusarow.kgx/plugin-id.html","searchKeys":["pluginId","fun VersionCatalog.pluginId(alias: String): String","com.rickbusarow.kgx.pluginId"]},{"name":"fun VersionCatalog.version(alias: String): String","description":"com.rickbusarow.kgx.version","location":"kotlin-gradle-extensions/com.rickbusarow.kgx/version.html","searchKeys":["version","fun VersionCatalog.version(alias: String): String","com.rickbusarow.kgx.version"]},{"name":"fun inCI(): Boolean","description":"com.rickbusarow.kgx.inCI","location":"kotlin-gradle-extensions/com.rickbusarow.kgx/in-c-i.html","searchKeys":["inCI","fun inCI(): Boolean","com.rickbusarow.kgx.inCI"]},{"name":"fun interface ElementInfoAction<T : Any> : Action<ElementInfoAction.RegisteredElement<T>> ","description":"com.rickbusarow.kgx.internal.ElementInfoAction","location":"kotlin-gradle-extensions/com.rickbusarow.kgx.internal/-element-info-action/index.html","searchKeys":["ElementInfoAction","fun interface ElementInfoAction<T : Any> : Action<ElementInfoAction.RegisteredElement<T>> ","com.rickbusarow.kgx.internal.ElementInfoAction"]},{"name":"inline fun <S : Any> DomainObjectCollection<in S>.withType(): DomainObjectCollection<S>","description":"com.rickbusarow.kgx.withType","location":"kotlin-gradle-extensions/com.rickbusarow.kgx/with-type.html","searchKeys":["withType","inline fun <S : Any> DomainObjectCollection<in S>.withType(): DomainObjectCollection<S>","com.rickbusarow.kgx.withType"]},{"name":"inline fun <S : Any> DomainObjectCollection<in S>.withType(noinline configuration: (S) -> Unit): DomainObjectCollection<S>?","description":"com.rickbusarow.kgx.withType","location":"kotlin-gradle-extensions/com.rickbusarow.kgx/with-type.html","searchKeys":["withType","inline fun <S : Any> DomainObjectCollection<in S>.withType(noinline configuration: (S) -> Unit): DomainObjectCollection<S>?","com.rickbusarow.kgx.withType"]},{"name":"inline fun <S : Task> TaskCollection<in S>.withType(): TaskCollection<S>","description":"com.rickbusarow.kgx.withType","location":"kotlin-gradle-extensions/com.rickbusarow.kgx/with-type.html","searchKeys":["withType","inline fun <S : Task> TaskCollection<in S>.withType(): TaskCollection<S>","com.rickbusarow.kgx.withType"]},{"name":"inline fun <T : Any> NamedDomainObjectCollection<T>.whenElementKnown(configurationAction: ElementInfoAction<T>)","description":"com.rickbusarow.kgx.internal.whenElementKnown","location":"kotlin-gradle-extensions/com.rickbusarow.kgx.internal/when-element-known.html","searchKeys":["whenElementKnown","inline fun <T : Any> NamedDomainObjectCollection<T>.whenElementKnown(configurationAction: ElementInfoAction<T>)","com.rickbusarow.kgx.internal.whenElementKnown"]},{"name":"inline fun <T : Plugin<*>> PluginContainer.applyOnce()","description":"com.rickbusarow.kgx.applyOnce","location":"kotlin-gradle-extensions/com.rickbusarow.kgx/apply-once.html","searchKeys":["applyOnce","inline fun <T : Plugin<*>> PluginContainer.applyOnce()","com.rickbusarow.kgx.applyOnce"]},{"name":"inline fun <T : Task> Project.allProjectsTasksMatchingNameWithType(taskName: String): List<TaskCollection<T>>","description":"com.rickbusarow.kgx.allProjectsTasksMatchingNameWithType","location":"kotlin-gradle-extensions/com.rickbusarow.kgx/all-projects-tasks-matching-name-with-type.html","searchKeys":["allProjectsTasksMatchingNameWithType","inline fun <T : Task> Project.allProjectsTasksMatchingNameWithType(taskName: String): List<TaskCollection<T>>","com.rickbusarow.kgx.allProjectsTasksMatchingNameWithType"]},{"name":"inline fun <T : Task> Project.subProjectsTasksMatchingNameWithType(taskName: String): List<TaskCollection<T>>","description":"com.rickbusarow.kgx.subProjectsTasksMatchingNameWithType","location":"kotlin-gradle-extensions/com.rickbusarow.kgx/sub-projects-tasks-matching-name-with-type.html","searchKeys":["subProjectsTasksMatchingNameWithType","inline fun <T : Task> Project.subProjectsTasksMatchingNameWithType(taskName: String): List<TaskCollection<T>>","com.rickbusarow.kgx.subProjectsTasksMatchingNameWithType"]},{"name":"inline fun <T : Task> T.outputsUpToDateWhen(crossinline predicate: (T) -> Boolean)","description":"com.rickbusarow.kgx.outputsUpToDateWhen","location":"kotlin-gradle-extensions/com.rickbusarow.kgx/outputs-up-to-date-when.html","searchKeys":["outputsUpToDateWhen","inline fun <T : Task> T.outputsUpToDateWhen(crossinline predicate: (T) -> Boolean)","com.rickbusarow.kgx.outputsUpToDateWhen"]},{"name":"inline fun <T : Task> TaskContainer.matchingNameWithType(taskName: String): TaskCollection<T>","description":"com.rickbusarow.kgx.matchingNameWithType","location":"kotlin-gradle-extensions/com.rickbusarow.kgx/matching-name-with-type.html","searchKeys":["matchingNameWithType","inline fun <T : Task> TaskContainer.matchingNameWithType(taskName: String): TaskCollection<T>","com.rickbusarow.kgx.matchingNameWithType"]},{"name":"inline fun <T : Task> TaskContainer.register(name: String, vararg constructorArguments: Any, noinline configuration: (T) -> Unit): TaskProvider<T>","description":"com.rickbusarow.kgx.register","location":"kotlin-gradle-extensions/com.rickbusarow.kgx/register.html","searchKeys":["register","inline fun <T : Task> TaskContainer.register(name: String, vararg constructorArguments: Any, noinline configuration: (T) -> Unit): TaskProvider<T>","com.rickbusarow.kgx.register"]},{"name":"inline fun <T : Task> TaskContainer.registerOnce(name: String): TaskProvider<T>","description":"com.rickbusarow.kgx.registerOnce","location":"kotlin-gradle-extensions/com.rickbusarow.kgx/register-once.html","searchKeys":["registerOnce","inline fun <T : Task> TaskContainer.registerOnce(name: String): TaskProvider<T>","com.rickbusarow.kgx.registerOnce"]},{"name":"inline fun <T : Task> TaskContainer.registerOnce(name: String, configurationAction: Action<in T>): TaskProvider<T>","description":"com.rickbusarow.kgx.registerOnce","location":"kotlin-gradle-extensions/com.rickbusarow.kgx/register-once.html","searchKeys":["registerOnce","inline fun <T : Task> TaskContainer.registerOnce(name: String, configurationAction: Action<in T>): TaskProvider<T>","com.rickbusarow.kgx.registerOnce"]},{"name":"inline fun <T, R : T> NamedDomainObjectCollection<T>.whenElementRegistered(elementName: String, configurationAction: Action<R>)","description":"com.rickbusarow.kgx.internal.whenElementRegistered","location":"kotlin-gradle-extensions/com.rickbusarow.kgx.internal/when-element-registered.html","searchKeys":["whenElementRegistered","inline fun <T, R : T> NamedDomainObjectCollection<T>.whenElementRegistered(elementName: String, configurationAction: Action<R>)","com.rickbusarow.kgx.internal.whenElementRegistered"]},{"name":"inline fun <T> ExtraPropertiesExtension.getOrNullAs(name: String): T?","description":"com.rickbusarow.kgx.getOrNullAs","location":"kotlin-gradle-extensions/com.rickbusarow.kgx/get-or-null-as.html","searchKeys":["getOrNullAs","inline fun <T> ExtraPropertiesExtension.getOrNullAs(name: String): T?","com.rickbusarow.kgx.getOrNullAs"]},{"name":"inline fun <T> ExtraPropertiesExtension.getOrPut(name: String, default: () -> T): T","description":"com.rickbusarow.kgx.getOrPut","location":"kotlin-gradle-extensions/com.rickbusarow.kgx/get-or-put.html","searchKeys":["getOrPut","inline fun <T> ExtraPropertiesExtension.getOrPut(name: String, default: () -> T): T","com.rickbusarow.kgx.getOrPut"]},{"name":"inline fun <T> NamedDomainObjectCollection<T>.requireDefaultCollection(): DefaultNamedDomainObjectCollection<T>","description":"com.rickbusarow.kgx.internal.requireDefaultCollection","location":"kotlin-gradle-extensions/com.rickbusarow.kgx.internal/require-default-collection.html","searchKeys":["requireDefaultCollection","inline fun <T> NamedDomainObjectCollection<T>.requireDefaultCollection(): DefaultNamedDomainObjectCollection<T>","com.rickbusarow.kgx.internal.requireDefaultCollection"]},{"name":"inline fun <T> NamedDomainObjectCollection<T>.whenElementKnown(configurationAction: Action<DefaultNamedDomainObjectCollection.ElementInfo<T>>)","description":"com.rickbusarow.kgx.internal.whenElementKnown","location":"kotlin-gradle-extensions/com.rickbusarow.kgx.internal/when-element-known.html","searchKeys":["whenElementKnown","inline fun <T> NamedDomainObjectCollection<T>.whenElementKnown(configurationAction: Action<DefaultNamedDomainObjectCollection.ElementInfo<T>>)","com.rickbusarow.kgx.internal.whenElementKnown"]},{"name":"inline fun <T> NamedDomainObjectCollection<T>.whenElementRegistered(configurationAction: Action<T>)","description":"com.rickbusarow.kgx.internal.whenElementRegistered","location":"kotlin-gradle-extensions/com.rickbusarow.kgx.internal/when-element-registered.html","searchKeys":["whenElementRegistered","inline fun <T> NamedDomainObjectCollection<T>.whenElementRegistered(configurationAction: Action<T>)","com.rickbusarow.kgx.internal.whenElementRegistered"]},{"name":"inline fun <T> NamedDomainObjectCollection<T>.whenElementRegistered(elementName: String, configurationAction: Action<T>)","description":"com.rickbusarow.kgx.internal.whenElementRegistered","location":"kotlin-gradle-extensions/com.rickbusarow.kgx.internal/when-element-registered.html","searchKeys":["whenElementRegistered","inline fun <T> NamedDomainObjectCollection<T>.whenElementRegistered(elementName: String, configurationAction: Action<T>)","com.rickbusarow.kgx.internal.whenElementRegistered"]},{"name":"inline fun PluginContainer.withAny(vararg ids: String, crossinline action: (Plugin<*>) -> Unit)","description":"com.rickbusarow.kgx.withAny","location":"kotlin-gradle-extensions/com.rickbusarow.kgx/with-any.html","searchKeys":["withAny","inline fun PluginContainer.withAny(vararg ids: String, crossinline action: (Plugin<*>) -> Unit)","com.rickbusarow.kgx.withAny"]},{"name":"inline fun PluginManager.withAnyPlugin(vararg ids: String, crossinline action: (AppliedPlugin) -> Unit)","description":"com.rickbusarow.kgx.withAnyPlugin","location":"kotlin-gradle-extensions/com.rickbusarow.kgx/with-any-plugin.html","searchKeys":["withAnyPlugin","inline fun PluginManager.withAnyPlugin(vararg ids: String, crossinline action: (AppliedPlugin) -> Unit)","com.rickbusarow.kgx.withAnyPlugin"]},{"name":"inline operator fun <T : Any> ElementInfoAction<T>.invoke(elementName: String, elementValue: ElementInfoAction.ElementValue<T>)","description":"com.rickbusarow.kgx.internal.invoke","location":"kotlin-gradle-extensions/com.rickbusarow.kgx.internal/invoke.html","searchKeys":["invoke","inline operator fun <T : Any> ElementInfoAction<T>.invoke(elementName: String, elementValue: ElementInfoAction.ElementValue<T>)","com.rickbusarow.kgx.internal.invoke"]},{"name":"interface ElementValue<T>","description":"com.rickbusarow.kgx.internal.ElementInfoAction.ElementValue","location":"kotlin-gradle-extensions/com.rickbusarow.kgx.internal/-element-info-action/-element-value/index.html","searchKeys":["ElementValue","interface ElementValue<T>","com.rickbusarow.kgx.internal.ElementInfoAction.ElementValue"]},{"name":"interface RegisteredElement<T>","description":"com.rickbusarow.kgx.internal.ElementInfoAction.RegisteredElement","location":"kotlin-gradle-extensions/com.rickbusarow.kgx.internal/-element-info-action/-registered-element/index.html","searchKeys":["RegisteredElement","interface RegisteredElement<T>","com.rickbusarow.kgx.internal.ElementInfoAction.RegisteredElement"]},{"name":"internal inline fun <T : Any> DefaultNamedDomainObjectCollection.ElementInfo<T>.toRegisteredInfo(namedDomainObjectCollection: NamedDomainObjectCollection<T>): ElementInfoAction.RegisteredElement<T>","description":"com.rickbusarow.kgx.internal.toRegisteredInfo","location":"kotlin-gradle-extensions/com.rickbusarow.kgx.internal/to-registered-info.html","searchKeys":["toRegisteredInfo","internal inline fun <T : Any> DefaultNamedDomainObjectCollection.ElementInfo<T>.toRegisteredInfo(namedDomainObjectCollection: NamedDomainObjectCollection<T>): ElementInfoAction.RegisteredElement<T>","com.rickbusarow.kgx.internal.toRegisteredInfo"]},{"name":"object Companion","description":"com.rickbusarow.kgx.internal.ElementInfoAction.ElementValue.Companion","location":"kotlin-gradle-extensions/com.rickbusarow.kgx.internal/-element-info-action/-element-value/-companion/index.html","searchKeys":["Companion","object Companion","com.rickbusarow.kgx.internal.ElementInfoAction.ElementValue.Companion"]},{"name":"object Companion","description":"com.rickbusarow.kgx.internal.ElementInfoAction.RegisteredElement.Companion","location":"kotlin-gradle-extensions/com.rickbusarow.kgx.internal/-element-info-action/-registered-element/-companion/index.html","searchKeys":["Companion","object Companion","com.rickbusarow.kgx.internal.ElementInfoAction.RegisteredElement.Companion"]},{"name":"open operator fun component1(): String","description":"com.rickbusarow.kgx.internal.ElementInfoAction.RegisteredElement.component1","location":"kotlin-gradle-extensions/com.rickbusarow.kgx.internal/-element-info-action/-registered-element/component1.html","searchKeys":["component1","open operator fun component1(): String","com.rickbusarow.kgx.internal.ElementInfoAction.RegisteredElement.component1"]},{"name":"open operator fun component2(): Class<out T>","description":"com.rickbusarow.kgx.internal.ElementInfoAction.RegisteredElement.component2","location":"kotlin-gradle-extensions/com.rickbusarow.kgx.internal/-element-info-action/-registered-element/component2.html","searchKeys":["component2","open operator fun component2(): Class<out T>","com.rickbusarow.kgx.internal.ElementInfoAction.RegisteredElement.component2"]},{"name":"open operator fun component3(): ElementInfoAction.ElementValue<T>","description":"com.rickbusarow.kgx.internal.ElementInfoAction.RegisteredElement.component3","location":"kotlin-gradle-extensions/com.rickbusarow.kgx.internal/-element-info-action/-registered-element/component3.html","searchKeys":["component3","open operator fun component3(): ElementInfoAction.ElementValue<T>","com.rickbusarow.kgx.internal.ElementInfoAction.RegisteredElement.component3"]},{"name":"open operator override fun component3(): ElementInfoAction.ElementValue.Instance<T>","description":"com.rickbusarow.kgx.internal.ElementInfoAction.RegisteredElement.ObjectBackedRegisteredElement.component3","location":"kotlin-gradle-extensions/com.rickbusarow.kgx.internal/-element-info-action/-registered-element/-object-backed-registered-element/component3.html","searchKeys":["component3","open operator override fun component3(): ElementInfoAction.ElementValue.Instance<T>","com.rickbusarow.kgx.internal.ElementInfoAction.RegisteredElement.ObjectBackedRegisteredElement.component3"]},{"name":"open operator override fun component3(): ElementInfoAction.ElementValue.ProviderInstance<T>","description":"com.rickbusarow.kgx.internal.ElementInfoAction.RegisteredElement.ProviderBackedRegisteredElement.component3","location":"kotlin-gradle-extensions/com.rickbusarow.kgx.internal/-element-info-action/-registered-element/-provider-backed-registered-element/component3.html","searchKeys":["component3","open operator override fun component3(): ElementInfoAction.ElementValue.ProviderInstance<T>","com.rickbusarow.kgx.internal.ElementInfoAction.RegisteredElement.ProviderBackedRegisteredElement.component3"]},{"name":"open override val elementName: String","description":"com.rickbusarow.kgx.internal.ElementInfoAction.RegisteredElement.ObjectBackedRegisteredElement.elementName","location":"kotlin-gradle-extensions/com.rickbusarow.kgx.internal/-element-info-action/-registered-element/-object-backed-registered-element/element-name.html","searchKeys":["elementName","open override val elementName: String","com.rickbusarow.kgx.internal.ElementInfoAction.RegisteredElement.ObjectBackedRegisteredElement.elementName"]},{"name":"open override val elementName: String","description":"com.rickbusarow.kgx.internal.ElementInfoAction.RegisteredElement.ProviderBackedRegisteredElement.elementName","location":"kotlin-gradle-extensions/com.rickbusarow.kgx.internal/-element-info-action/-registered-element/-provider-backed-registered-element/element-name.html","searchKeys":["elementName","open override val elementName: String","com.rickbusarow.kgx.internal.ElementInfoAction.RegisteredElement.ProviderBackedRegisteredElement.elementName"]},{"name":"open override val elementType: Class<out T>","description":"com.rickbusarow.kgx.internal.ElementInfoAction.RegisteredElement.ObjectBackedRegisteredElement.elementType","location":"kotlin-gradle-extensions/com.rickbusarow.kgx.internal/-element-info-action/-registered-element/-object-backed-registered-element/element-type.html","searchKeys":["elementType","open override val elementType: Class<out T>","com.rickbusarow.kgx.internal.ElementInfoAction.RegisteredElement.ObjectBackedRegisteredElement.elementType"]},{"name":"open override val elementType: Class<out T>","description":"com.rickbusarow.kgx.internal.ElementInfoAction.RegisteredElement.ProviderBackedRegisteredElement.elementType","location":"kotlin-gradle-extensions/com.rickbusarow.kgx.internal/-element-info-action/-registered-element/-provider-backed-registered-element/element-type.html","searchKeys":["elementType","open override val elementType: Class<out T>","com.rickbusarow.kgx.internal.ElementInfoAction.RegisteredElement.ProviderBackedRegisteredElement.elementType"]},{"name":"open override val elementValue: ElementInfoAction.ElementValue.Instance<T>","description":"com.rickbusarow.kgx.internal.ElementInfoAction.RegisteredElement.ObjectBackedRegisteredElement.elementValue","location":"kotlin-gradle-extensions/com.rickbusarow.kgx.internal/-element-info-action/-registered-element/-object-backed-registered-element/element-value.html","searchKeys":["elementValue","open override val elementValue: ElementInfoAction.ElementValue.Instance<T>","com.rickbusarow.kgx.internal.ElementInfoAction.RegisteredElement.ObjectBackedRegisteredElement.elementValue"]},{"name":"open override val elementValue: ElementInfoAction.ElementValue.ProviderInstance<T>","description":"com.rickbusarow.kgx.internal.ElementInfoAction.RegisteredElement.ProviderBackedRegisteredElement.elementValue","location":"kotlin-gradle-extensions/com.rickbusarow.kgx.internal/-element-info-action/-registered-element/-provider-backed-registered-element/element-value.html","searchKeys":["elementValue","open override val elementValue: ElementInfoAction.ElementValue.ProviderInstance<T>","com.rickbusarow.kgx.internal.ElementInfoAction.RegisteredElement.ProviderBackedRegisteredElement.elementValue"]},{"name":"open override val value: NamedDomainObjectProvider<T>","description":"com.rickbusarow.kgx.internal.ElementInfoAction.ElementValue.ProviderInstance.value","location":"kotlin-gradle-extensions/com.rickbusarow.kgx.internal/-element-info-action/-element-value/-provider-instance/value.html","searchKeys":["value","open override val value: NamedDomainObjectProvider<T>","com.rickbusarow.kgx.internal.ElementInfoAction.ElementValue.ProviderInstance.value"]},{"name":"open override val value: T","description":"com.rickbusarow.kgx.internal.ElementInfoAction.ElementValue.Instance.value","location":"kotlin-gradle-extensions/com.rickbusarow.kgx.internal/-element-info-action/-element-value/-instance/value.html","searchKeys":["value","open override val value: T","com.rickbusarow.kgx.internal.ElementInfoAction.ElementValue.Instance.value"]},{"name":"operator fun <T : Any> ElementInfoAction<T>.invoke(elementName: String, elementType: Class<out T>, elementValue: ElementInfoAction.ElementValue<T>)","description":"com.rickbusarow.kgx.internal.invoke","location":"kotlin-gradle-extensions/com.rickbusarow.kgx.internal/invoke.html","searchKeys":["invoke","operator fun <T : Any> ElementInfoAction<T>.invoke(elementName: String, elementType: Class<out T>, elementValue: ElementInfoAction.ElementValue<T>)","com.rickbusarow.kgx.internal.invoke"]},{"name":"operator fun <T : Any> invoke(elementName: String, elementType: Class<out T>, elementValue: ElementInfoAction.ElementValue<T>): ElementInfoAction.RegisteredElement<T>","description":"com.rickbusarow.kgx.internal.ElementInfoAction.RegisteredElement.Companion.invoke","location":"kotlin-gradle-extensions/com.rickbusarow.kgx.internal/-element-info-action/-registered-element/-companion/invoke.html","searchKeys":["invoke","operator fun <T : Any> invoke(elementName: String, elementType: Class<out T>, elementValue: ElementInfoAction.ElementValue<T>): ElementInfoAction.RegisteredElement<T>","com.rickbusarow.kgx.internal.ElementInfoAction.RegisteredElement.Companion.invoke"]},{"name":"operator fun <T : Any> invoke(provider: NamedDomainObjectProvider<T>): ElementInfoAction.ElementValue<T>","description":"com.rickbusarow.kgx.internal.ElementInfoAction.ElementValue.Companion.invoke","location":"kotlin-gradle-extensions/com.rickbusarow.kgx.internal/-element-info-action/-element-value/-companion/invoke.html","searchKeys":["invoke","operator fun <T : Any> invoke(provider: NamedDomainObjectProvider<T>): ElementInfoAction.ElementValue<T>","com.rickbusarow.kgx.internal.ElementInfoAction.ElementValue.Companion.invoke"]},{"name":"operator fun <T : Any> invoke(value: T): ElementInfoAction.ElementValue.Instance<T>","description":"com.rickbusarow.kgx.internal.ElementInfoAction.ElementValue.Companion.invoke","location":"kotlin-gradle-extensions/com.rickbusarow.kgx.internal/-element-info-action/-element-value/-companion/invoke.html","searchKeys":["invoke","operator fun <T : Any> invoke(value: T): ElementInfoAction.ElementValue.Instance<T>","com.rickbusarow.kgx.internal.ElementInfoAction.ElementValue.Companion.invoke"]},{"name":"val ExtensionAware.extras: ExtraPropertiesExtension","description":"com.rickbusarow.kgx.extras","location":"kotlin-gradle-extensions/com.rickbusarow.kgx/extras.html","searchKeys":["extras","val ExtensionAware.extras: ExtraPropertiesExtension","com.rickbusarow.kgx.extras"]},{"name":"val Project.catalogs: VersionCatalogsExtension","description":"com.rickbusarow.kgx.catalogs","location":"kotlin-gradle-extensions/com.rickbusarow.kgx/catalogs.html","searchKeys":["catalogs","val Project.catalogs: VersionCatalogsExtension","com.rickbusarow.kgx.catalogs"]},{"name":"val Project.isPartOfRootBuild: Boolean","description":"com.rickbusarow.kgx.isPartOfRootBuild","location":"kotlin-gradle-extensions/com.rickbusarow.kgx/is-part-of-root-build.html","searchKeys":["isPartOfRootBuild","val Project.isPartOfRootBuild: Boolean","com.rickbusarow.kgx.isPartOfRootBuild"]},{"name":"val Project.java: JavaPluginExtension","description":"com.rickbusarow.kgx.java","location":"kotlin-gradle-extensions/com.rickbusarow.kgx/java.html","searchKeys":["java","val Project.java: JavaPluginExtension","com.rickbusarow.kgx.java"]},{"name":"val Project.javaExtension: JavaPluginExtension","description":"com.rickbusarow.kgx.javaExtension","location":"kotlin-gradle-extensions/com.rickbusarow.kgx/java-extension.html","searchKeys":["javaExtension","val Project.javaExtension: JavaPluginExtension","com.rickbusarow.kgx.javaExtension"]},{"name":"val Project.libsCatalog: VersionCatalog","description":"com.rickbusarow.kgx.libsCatalog","location":"kotlin-gradle-extensions/com.rickbusarow.kgx/libs-catalog.html","searchKeys":["libsCatalog","val Project.libsCatalog: VersionCatalog","com.rickbusarow.kgx.libsCatalog"]},{"name":"val Provider<PluginDependency>.pluginId: String","description":"com.rickbusarow.kgx.pluginId","location":"kotlin-gradle-extensions/com.rickbusarow.kgx/plugin-id.html","searchKeys":["pluginId","val Provider<PluginDependency>.pluginId: String","com.rickbusarow.kgx.pluginId"]},{"name":"val obj: T","description":"com.rickbusarow.kgx.internal.ElementInfoAction.RegisteredElement.ObjectBackedRegisteredElement.obj","location":"kotlin-gradle-extensions/com.rickbusarow.kgx.internal/-element-info-action/-registered-element/-object-backed-registered-element/obj.html","searchKeys":["obj","val obj: T","com.rickbusarow.kgx.internal.ElementInfoAction.RegisteredElement.ObjectBackedRegisteredElement.obj"]},{"name":"val provider: Provider<T>","description":"com.rickbusarow.kgx.internal.ElementInfoAction.RegisteredElement.ProviderBackedRegisteredElement.provider","location":"kotlin-gradle-extensions/com.rickbusarow.kgx.internal/-element-info-action/-registered-element/-provider-backed-registered-element/provider.html","searchKeys":["provider","val provider: Provider<T>","com.rickbusarow.kgx.internal.ElementInfoAction.RegisteredElement.ProviderBackedRegisteredElement.provider"]},{"name":"value class ProviderInstance<T>(val value: NamedDomainObjectProvider<T>) : ElementInfoAction.ElementValue<T> ","description":"com.rickbusarow.kgx.internal.ElementInfoAction.ElementValue.ProviderInstance","location":"kotlin-gradle-extensions/com.rickbusarow.kgx.internal/-element-info-action/-element-value/-provider-instance/index.html","searchKeys":["ProviderInstance","value class ProviderInstance<T>(val value: NamedDomainObjectProvider<T>) : ElementInfoAction.ElementValue<T> ","com.rickbusarow.kgx.internal.ElementInfoAction.ElementValue.ProviderInstance"]}]